player_id,gameCount,goals,assists,points,plusMinus,powerPlayGoals,powerPlayPoints,gameWinningGoals,otGoals,shots,shifts,pim
8470666,39,4,4,8,3,0,0,0,0,42,491,54
8468001,1,0,0,0,0,0,0,0,0,0,4,0
8470896,1,0,0,0,0,0,0,0,0,0,7,12
8475736,14,1,3,4,3,0,0,0,0,18,172,9
8475722,57,19,26,45,5,10,10,3,0,105,1164,55
8475087,6,0,0,0,0,0,0,0,0,2,83,4
8467483,71,5,17,22,-16,2,2,1,0,108,1374,14
8450978,42,4,9,13,-1,1,1,0,0,50,720,24
8466212,24,0,0,0,0,0,0,0,0,6,136,78
8474616,2,0,0,0,0,0,0,0,0,1,13,0
8480797,65,11,12,23,-14,0,0,1,0,121,1279,28
8460105,66,9,16,25,-12,6,6,2,0,102,1449,34
8477479,67,17,17,34,-34,8,8,0,0,108,1159,43
8469647,22,1,1,2,0,0,0,0,0,4,144,45
8470302,71,5,7,12,-12,0,0,0,0,77,1297,10
8462060,28,1,2,3,-6,0,0,0,0,2,230,28
8482802,1,0,0,0,0,0,0,0,0,0,2,0
8478010,61,32,33,65,8,13,13,6,2,153,1333,2
8477445,7,0,1,1,-3,0,0,0,0,5,96,2
8465041,8,1,1,2,1,0,0,1,0,6,124,0
8477451,54,8,12,20,-9,2,2,0,0,124,885,65
8480032,1,0,0,0,0,0,0,0,0,1,3,0
8482157,67,17,19,36,10,2,2,3,0,126,1361,32
8477486,2,0,0,0,-1,0,0,0,0,3,39,2
8477492,67,27,75,102,26,8,8,5,1,270,1611,31
8481462,9,3,1,4,-3,1,1,0,0,9,135,0
8474762,7,0,0,0,0,0,0,0,0,4,75,11
8480185,66,8,12,20,11,0,0,2,0,72,1445,24
8479520,51,9,1,10,6,0,0,3,0,80,773,42
8469733,16,2,1,3,-4,0,0,0,0,17,275,0
8474038,27,4,3,7,-8,0,0,2,0,33,491,2
8480813,60,5,5,10,-16,0,0,0,0,52,946,13
8477243,2,0,0,0,-3,0,0,0,0,3,34,0
8476808,51,6,4,10,2,0,0,0,0,47,966,4
8467905,18,0,2,2,-3,0,0,0,0,24,212,2
8473970,14,1,0,1,-6,0,0,0,0,10,190,6
8478831,66,9,8,17,-12,0,0,1,0,77,1415,30
8479291,54,4,3,7,-4,0,0,0,0,39,781,14
8482745,60,18,20,38,-1,6,6,0,0,123,1195,30
8476834,39,9,8,17,-13,1,1,0,0,51,699,14
8470289,82,5,8,13,-4,0,0,1,0,51,1221,58
8481516,7,1,1,2,-1,0,0,0,0,13,110,6
8471829,9,1,1,2,2,0,0,0,0,5,92,0
8473569,2,0,0,0,0,0,0,0,0,0,15,4
8476363,7,0,1,1,0,0,0,0,0,6,99,0
8478400,68,8,7,15,0,0,0,0,0,64,949,12
8478366,65,20,21,41,-2,3,3,1,0,203,1443,46
8464983,11,2,0,2,-1,0,0,1,0,4,75,10
8478414,67,19,25,44,7,5,5,4,0,196,1425,52
8476439,50,8,5,13,0,0,0,0,0,68,728,25
8459425,24,0,3,3,-1,0,0,0,0,20,414,12
8477929,27,1,3,4,4,0,0,0,0,19,360,8
8476389,67,20,25,45,2,4,4,3,0,171,1631,40
8470920,23,2,2,4,-8,0,0,1,0,24,302,23
8477901,11,1,0,1,-5,0,0,0,0,14,163,4
8478398,67,35,49,84,15,9,9,7,1,218,1462,25
8478373,3,0,0,0,-2,0,0,0,0,4,51,0
8476438,58,12,12,24,-11,0,0,1,0,104,1093,6
8478401,68,13,27,40,-2,2,2,5,2,119,1643,19
8478367,1,0,0,0,0,0,0,0,0,0,10,2
8470713,15,0,1,1,-1,0,0,0,0,4,82,22
8476404,3,0,1,1,-3,0,0,0,0,1,34,0
8473568,8,0,1,1,-1,0,0,0,0,6,100,2
8475119,63,1,3,4,-5,0,0,0,0,43,754,84
8476410,51,4,12,16,0,0,0,0,0,91,775,25
8471419,6,0,0,0,0,0,0,0,0,5,78,0
8481517,55,5,11,16,0,1,1,0,0,76,1005,20
8466398,15,1,0,1,0,0,0,0,0,13,210,18
8476835,8,0,2,2,-2,0,0,0,0,13,156,0
8480153,6,0,1,1,-1,0,0,0,0,7,97,0
8479290,8,1,0,1,-1,0,0,1,0,11,131,4
8462129,59,4,12,16,0,0,0,2,0,50,1209,16
8480806,63,4,10,14,-2,0,0,1,0,53,1193,6
8483499,4,1,1,2,0,0,0,1,0,8,61,0
8476955,39,1,4,5,-7,0,0,0,0,48,622,6
8477493,57,17,43,60,1,7,7,3,1,126,1417,12
8481477,51,7,6,13,-4,0,0,1,0,46,751,13
8480769,12,2,0,2,-2,0,0,1,0,8,170,2
8480027,65,28,38,66,7,8,8,5,1,178,1359,10
8469685,1,0,0,0,0,0,0,0,0,2,13,0
8477450,56,7,9,16,-10,0,0,0,0,53,1184,21
8471747,1,0,0,0,-1,0,0,0,0,1,11,0
8471753,13,1,2,3,-5,0,0,0,0,12,184,2
8475253,50,2,6,8,2,0,0,0,0,54,590,18
8476982,5,0,1,1,-1,0,0,0,0,2,63,0
8477444,64,6,18,24,-4,0,0,0,0,96,1120,12
8476772,22,0,2,2,-3,0,0,0,0,14,337,8
8474603,11,0,1,1,0,0,0,0,0,6,129,19
8469120,1,0,0,0,-1,0,0,0,0,0,15,0
8476766,4,0,1,1,2,0,0,0,0,6,45,0
8482181,3,0,0,0,-1,0,0,0,0,2,45,0
8477478,39,4,5,9,2,0,0,1,0,42,663,16
8475086,3,1,0,1,-2,0,0,0,0,5,47,0
8470854,16,0,0,0,-4,0,0,0,0,14,210,19
8481649,7,1,0,1,-7,0,0,0,0,7,118,0
8475723,3,0,2,2,1,0,0,0,0,2,40,0
8478561,24,1,3,4,-5,0,0,0,0,21,293,14
8471237,2,0,0,0,0,0,0,0,0,0,21,2
8470667,4,0,0,0,-1,0,0,0,0,5,69,0
8470101,12,0,0,0,-5,0,0,0,0,5,86,24
8479657,24,3,3,6,-6,0,0,1,0,29,349,2
8459587,79,1,7,8,-18,0,0,0,0,63,1516,26
8476214,2,0,0,0,0,0,0,0,0,2,18,0
8470671,2,0,0,0,-1,0,0,0,0,0,13,0
8476200,21,0,3,3,-4,0,0,0,0,19,255,22
8471221,9,0,0,0,-3,0,0,0,0,12,92,10
8478211,2,0,0,0,-2,0,0,0,0,3,33,0
8475735,43,2,3,5,-11,0,0,0,0,25,632,6
8473422,63,12,15,27,-16,2,2,1,0,83,1297,44
8471235,13,2,2,4,0,0,0,1,0,14,169,8
8469485,72,12,20,32,-13,4,4,2,0,113,1470,24
8470301,9,0,1,1,3,0,0,0,0,2,73,29
8482197,3,0,0,0,0,0,0,0,0,1,45,0
8473608,35,2,3,5,0,0,0,0,0,29,557,27
8480780,14,0,0,0,-3,0,0,0,0,12,181,8
8474615,2,0,0,0,-2,0,0,0,0,3,37,2
8462077,47,5,9,14,6,0,0,1,0,69,848,18
8482815,3,0,0,0,-2,0,0,0,0,1,45,0
8465056,1,0,0,0,0,0,0,0,0,1,18,0
8476994,26,4,2,6,-2,3,3,1,0,36,416,8
8467899,2,1,0,1,0,0,0,1,0,3,32,0
8477446,58,4,6,10,-16,0,0,1,0,67,1098,68
8477320,1,0,0,0,-1,0,0,0,0,1,10,2
8480025,66,4,6,10,-11,0,0,0,0,50,1014,14
8480031,64,9,10,19,-20,0,0,0,0,89,1096,76
8471976,71,6,22,28,-22,2,2,0,0,55,1292,18
8480019,10,1,3,4,-1,0,0,0,0,14,158,10
8477491,33,4,2,6,-4,0,0,1,0,45,502,14
8475292,27,6,0,6,-2,0,0,1,0,18,275,47
8466371,31,3,0,3,-4,0,0,1,0,33,563,4
8480186,37,7,6,13,1,0,0,0,0,35,568,6
8478173,1,0,0,0,0,0,0,0,0,0,10,0
8477240,26,4,2,6,-4,0,0,0,0,15,382,0
8475325,14,0,2,2,2,0,0,0,0,17,165,14
8467906,4,0,0,0,1,0,0,0,0,1,32,0
8473973,53,2,5,7,-1,1,1,0,0,88,835,10
8483464,62,13,14,27,-6,2,2,1,0,110,1218,30
8481515,4,0,0,0,-1,0,0,0,0,2,66,0
8476406,63,3,3,6,1,0,0,0,0,45,875,20
8460502,15,0,0,0,-1,0,0,0,0,4,86,18
8474577,62,4,4,8,-21,2,2,0,0,48,942,34
8480384,8,0,0,0,-2,0,0,0,0,6,92,2
8476374,66,5,9,14,-1,0,0,0,0,63,961,22
8470705,5,0,1,1,-1,0,0,0,0,6,59,0
8470063,20,1,2,3,-6,0,0,0,0,22,376,33
8478417,28,3,6,9,1,0,0,0,0,21,431,2
8468604,3,0,0,0,1,0,0,0,0,3,42,0
8473542,13,0,2,2,0,0,0,0,0,3,126,48
8468162,18,0,0,0,-5,0,0,0,0,2,298,9
8478371,2,0,1,1,0,0,0,0,0,6,37,0
8478365,9,0,2,2,3,0,0,0,0,16,124,8
8464994,36,4,4,8,-2,0,0,2,0,31,480,22
8478403,66,21,59,80,26,4,4,2,0,206,1438,6
8477903,60,8,10,18,4,0,0,1,0,76,1073,48
8482222,68,15,32,47,-30,3,3,2,0,120,1502,20
8459426,75,18,25,43,-7,3,3,2,0,221,1790,36
8474588,50,3,3,6,-10,2,2,1,0,41,795,20
8464957,70,10,9,19,2,1,1,2,0,89,1036,16
8481703,1,0,1,1,2,0,0,0,0,1,14,0
8481716,57,20,22,42,17,8,8,1,0,119,1137,41
8474589,57,8,16,24,-6,1,1,1,0,89,909,16
8481070,1,0,0,0,0,0,0,0,0,0,15,0
8481058,37,6,10,16,-11,1,1,1,0,43,623,0
8477916,1,0,0,0,0,0,0,0,0,1,7,0
8459427,71,5,14,19,-8,0,0,1,0,80,1239,22
8477902,15,0,0,0,-5,0,0,0,0,9,210,0
8471426,13,1,0,1,1,0,0,0,0,12,185,7
8468611,26,0,3,3,-2,0,0,0,0,23,327,19
8478402,60,24,61,85,5,9,9,3,0,182,1281,31
8470704,2,0,0,0,0,0,0,0,0,1,16,0
8471368,7,0,0,0,-4,0,0,0,0,4,78,0
8474576,31,3,3,6,0,0,0,0,0,35,484,4
8476822,66,4,3,7,-8,0,0,0,0,47,1173,10
8480144,52,4,6,10,-3,0,0,0,0,41,916,14
8471817,49,4,2,6,-13,0,0,0,0,26,572,49
8482747,10,0,0,0,2,0,0,0,0,8,145,2
8479293,64,9,9,18,-11,0,0,0,0,87,1177,12
8478833,22,0,1,1,-4,0,0,0,0,18,299,7
8481528,66,13,22,35,-8,3,3,2,0,152,1511,62
8477527,43,1,3,4,-2,0,0,1,0,9,522,72
8473999,38,4,3,7,-10,0,0,0,0,55,598,14
8476177,12,1,0,1,-2,0,0,0,0,13,191,2
8479250,11,0,0,0,-6,0,0,0,0,11,193,0
8474012,9,1,0,1,-3,0,0,0,0,5,61,0
8470274,33,3,1,4,-14,0,0,0,0,51,666,4
8479536,26,2,3,5,6,0,0,1,0,23,298,0
8483505,33,5,10,15,4,0,0,1,0,40,601,6
8480018,66,20,49,69,12,3,3,5,4,134,1377,6
8475287,55,6,8,14,-9,1,1,1,0,89,1126,35
8482155,61,15,17,32,13,2,2,4,0,144,1186,18
8475250,19,1,4,5,-3,0,0,0,0,27,290,2
8476981,66,10,10,20,-6,0,0,0,0,90,1236,60
8479318,51,24,33,57,1,6,6,1,1,202,1267,20
8480965,4,0,0,0,0,0,0,0,0,4,63,0
8476765,20,1,0,1,-1,0,0,0,0,25,264,32
8479330,1,0,0,0,-2,0,0,0,0,1,12,0
8475278,9,1,1,2,0,0,0,0,0,15,129,4
8475085,8,0,0,0,0,0,0,0,0,6,55,0
8475913,53,17,41,58,18,5,5,3,0,107,1133,8
8459547,42,5,3,8,-3,1,1,1,0,63,546,32
8469490,2,0,0,0,-2,0,0,0,0,1,18,4
8480226,3,0,0,0,-1,0,0,0,0,4,40,0
8475907,14,1,4,5,-3,0,0,0,0,15,218,7
8475734,1,0,0,0,0,0,0,0,0,0,14,5
8467330,79,5,9,14,-4,0,0,0,0,61,1133,14
8471234,31,4,8,12,-5,0,0,0,0,50,563,2
8471220,10,0,2,2,-1,0,0,0,0,9,170,0
8471208,67,14,21,35,25,5,5,2,0,119,1274,30
8478566,43,2,2,4,-14,0,0,0,0,38,800,15
8484911,24,4,5,9,-5,1,1,1,0,27,466,4
8467334,58,1,3,4,-6,0,0,1,0,46,1090,12
8470648,16,0,2,2,0,0,0,0,0,12,182,17
8476211,3,1,0,1,1,0,0,0,0,1,31,0
8471218,72,16,39,55,-3,7,7,6,1,126,1550,46
8469457,52,9,16,25,-2,3,3,1,0,52,860,16
8479644,19,2,2,4,-4,0,0,0,0,20,250,0
8479650,3,1,0,1,3,0,0,1,0,3,42,2
8476205,12,3,1,4,2,1,1,0,0,20,178,2
8467491,60,2,7,9,-7,0,0,0,0,72,1014,20
8475917,13,0,0,0,-1,0,0,0,0,9,147,8
8475254,3,0,0,0,-1,0,0,0,0,3,48,0
8471768,37,0,2,2,-16,0,0,0,0,29,621,2
8474610,14,2,2,4,-4,0,0,0,0,17,184,2
8475268,52,2,4,6,-1,0,0,0,0,33,601,7
8474176,58,5,14,19,7,0,0,2,0,99,1153,30
8476952,5,0,1,1,0,0,0,0,0,7,62,2
8477494,34,9,19,28,4,2,2,2,0,46,694,6
8475283,7,0,2,2,1,0,0,0,0,1,62,12
8483515,63,14,27,41,-1,3,3,1,0,98,1166,27
8480008,44,6,14,20,-1,2,2,2,0,64,731,8
8474189,82,15,16,31,-1,4,4,0,0,154,1850,32
8482179,2,0,1,1,-1,0,0,0,0,0,32,0
8480034,2,0,1,1,-2,0,0,0,0,1,28,0
8482623,8,0,0,0,-6,0,0,0,0,4,118,6
8482145,59,9,11,20,6,1,1,1,0,59,1008,6
8471634,45,4,8,12,-11,1,1,0,0,46,691,10
8473989,11,0,0,0,-2,0,0,0,0,3,113,12
8480801,64,27,26,53,1,13,13,5,4,263,1584,112
8480829,67,11,19,30,11,0,0,1,0,98,1188,44
8479526,8,0,2,2,1,0,0,0,0,5,84,4
8476826,41,6,15,21,-6,0,0,1,0,49,797,38
8471185,71,13,22,35,2,4,4,1,0,108,1570,45
8473962,12,0,2,2,0,0,0,0,0,10,215,0
8471807,18,1,0,1,0,0,0,1,0,14,232,4
8475650,54,2,2,4,-10,0,0,0,0,56,797,103
8479718,1,0,0,0,0,0,0,0,0,1,14,0
8460507,59,3,5,8,-1,0,0,0,0,47,894,35
8470072,47,6,13,19,-1,1,1,1,1,67,885,22
8474566,9,0,1,1,1,0,0,0,0,6,125,4
8470700,10,1,3,4,2,0,0,0,0,6,174,14
8477913,3,0,0,0,0,0,0,0,0,1,46,2
8484125,12,0,2,2,-4,0,0,0,0,13,185,8
8471386,9,2,0,2,1,1,1,0,0,9,147,14
8481061,50,5,6,11,-14,1,1,0,0,45,810,18
8475692,54,15,26,41,1,2,2,4,0,119,992,18
8474201,13,0,0,0,-4,0,0,0,0,2,136,20
8476370,19,0,1,1,-7,0,0,0,0,22,317,6
8475679,6,1,0,1,-2,0,0,0,0,14,128,4
8474573,64,8,17,25,3,0,0,2,0,72,1334,2
8468172,47,4,9,13,8,0,0,1,1,43,813,12
8464984,7,1,1,2,-6,1,1,0,0,14,115,7
8475889,5,0,0,0,0,0,0,0,0,2,58,0
8473546,80,27,9,36,11,0,0,3,0,167,1738,16
8478413,30,3,5,8,-3,0,0,0,0,34,679,40
8482742,46,4,9,13,-6,0,0,0,0,57,744,52
8475309,9,0,0,0,-4,0,0,0,0,7,118,2
8479533,5,0,1,1,0,0,0,0,0,2,81,4
8475321,47,3,4,7,-2,0,0,0,0,34,516,8
8471972,6,0,0,0,-1,0,0,0,0,5,52,0
8467876,82,3,47,50,-22,0,0,0,0,67,1724,30
8482150,1,0,0,0,-1,0,0,0,0,0,14,0
8480021,48,4,4,8,-12,0,0,1,0,65,735,16
8480009,67,21,12,33,3,1,1,3,0,116,1168,16
8476947,43,4,10,14,-6,0,0,1,0,63,701,6
8475296,4,0,0,0,0,0,0,0,0,2,42,0
8479335,46,2,6,8,-6,0,0,0,0,54,700,4
8473618,25,4,5,9,2,0,0,0,0,27,377,4
8474177,10,0,2,2,-2,0,0,0,0,9,94,0
8479447,1,0,0,0,0,0,0,0,0,5,14,0
8477456,61,7,19,26,-5,4,4,2,0,78,1313,22
8472248,3,0,0,0,-1,0,0,0,0,4,32,0
8477330,81,20,25,45,-15,7,7,3,1,174,1504,24
8470852,14,0,0,0,-9,0,0,0,0,13,197,2
8482408,1,0,0,0,0,0,0,0,0,0,8,2
8470113,4,0,0,0,-1,0,0,0,0,1,32,0
8470661,6,0,0,0,2,0,0,0,0,7,58,12
8471231,40,0,2,2,1,0,0,0,0,23,479,32
8477126,55,2,6,8,-21,0,0,0,0,36,739,6
8470649,31,2,6,8,-2,0,0,0,0,50,510,4
8467335,5,0,0,0,0,0,0,0,0,0,45,5
8473432,20,7,2,9,-1,0,0,1,0,26,435,74
8475733,4,0,0,0,-3,0,0,0,0,3,48,0
8471233,46,8,12,20,-1,0,0,2,0,50,1048,6
8475727,52,3,6,9,-12,0,0,1,0,67,819,2
8469454,46,10,16,26,-4,2,2,3,2,115,960,18
8470105,63,7,12,19,-1,0,0,2,0,71,1050,46
8469483,6,0,0,0,0,0,0,0,0,8,105,0
8468789,8,1,1,2,1,0,0,0,0,4,101,4
8480221,1,0,0,0,1,0,0,0,0,0,17,0
8468560,70,5,7,12,2,0,0,0,0,62,1033,26
8474149,65,16,20,36,11,4,4,2,0,106,1199,6
8477326,18,0,3,3,2,0,0,0,0,12,280,4
8471743,16,1,2,3,2,0,0,0,0,23,299,4
8465050,26,0,3,3,-1,0,0,0,0,31,557,10
8475243,1,0,0,0,-1,0,0,0,0,1,18,0
8477454,61,8,10,18,-12,0,0,2,0,55,1102,21
8479337,67,31,27,58,-15,11,11,4,1,196,1373,20
8478029,2,0,0,0,-1,0,0,0,0,2,27,0
8474613,73,5,6,11,8,0,0,0,0,98,957,8
8474607,1,0,0,0,0,0,0,0,0,0,7,0
8468548,43,1,5,6,-9,0,0,1,0,32,607,20
8474161,11,1,5,6,-7,1,1,0,0,17,211,0
8471794,11,0,0,0,-1,0,0,0,0,10,155,4
8477497,41,14,27,41,17,4,4,2,0,106,964,14
8482146,52,6,13,19,-4,1,1,0,0,96,875,18
8469681,25,0,2,2,-7,0,0,0,0,12,226,38
8480037,10,1,2,3,-1,0,0,0,0,6,117,2
8459024,58,4,13,17,-8,1,1,0,0,87,1233,8
8482634,1,0,0,0,-1,0,0,0,0,1,14,0
8480023,55,17,37,54,8,2,2,3,0,119,1337,20
8475323,74,4,8,12,-2,0,0,2,0,74,1231,30
8480802,62,15,21,36,10,0,0,1,0,70,1390,14
8476158,24,2,2,4,-2,0,0,0,0,19,309,10
8477520,1,0,0,0,-1,0,0,0,0,2,8,2
8474001,38,1,0,1,-8,0,0,0,0,35,589,2
8479525,50,15,10,25,-1,5,5,3,0,107,982,10
8477508,41,2,3,5,-2,0,0,0,0,25,669,12
8469044,27,1,0,1,0,0,0,0,0,8,120,40
8482768,36,6,5,11,-12,2,2,1,0,52,577,4
8483476,15,2,1,3,-7,0,0,0,0,22,274,2
8471804,9,1,2,3,0,0,0,0,0,9,141,2
8482740,65,24,36,60,6,8,8,2,1,171,1487,12
8476819,2,0,0,0,0,0,0,0,0,0,26,2
8476428,7,0,0,0,0,0,0,0,0,8,109,2
8469508,65,5,3,8,-8,0,0,1,0,37,1120,18
8473544,62,13,10,23,3,5,5,4,0,92,1140,30
8466149,17,1,1,2,-4,0,0,0,0,17,241,6
8470065,2,0,0,0,0,0,0,0,0,2,23,0
8478439,68,22,43,65,-12,8,8,3,0,154,1646,45
8476414,3,0,0,0,-1,0,0,0,0,1,29,0
8476400,17,1,2,3,-3,0,0,0,0,17,263,2
8471409,6,0,0,0,-1,0,0,0,0,2,77,0
8460504,28,1,3,4,-3,0,0,1,0,29,425,20
8474571,20,2,2,4,-1,0,0,0,0,29,305,0
8481711,52,8,10,18,-13,0,0,0,0,83,948,8
8471390,70,9,9,18,-4,1,1,1,0,81,993,8
8477939,66,37,31,68,1,9,9,8,2,216,1490,18
8476399,65,13,18,31,-8,3,3,3,0,153,1476,30
8481077,6,1,0,1,0,0,0,1,0,4,91,2
8475848,66,15,10,25,-12,5,5,1,0,120,1172,27
8480341,7,1,1,2,-1,0,0,0,0,5,77,2
8464979,48,3,2,5,-13,0,0,1,0,65,903,25
8480355,59,5,9,14,-2,0,0,0,0,67,965,104
8481704,41,4,7,11,-8,0,0,0,0,26,612,15
8473592,4,0,0,0,-2,0,0,0,0,0,33,0
8469521,3,1,0,1,0,0,0,0,0,8,58,0
8476401,1,0,0,0,-1,0,0,0,0,1,16,0
8473579,13,1,2,3,0,0,0,0,0,7,220,0
8474570,39,3,5,8,2,0,0,2,0,65,595,6
8476367,10,1,0,1,-4,0,0,0,0,16,174,6
8466160,70,3,5,8,-1,0,0,0,0,28,906,64
8474564,66,22,20,42,-21,11,11,6,1,143,1389,40
8476415,5,0,0,0,-3,0,0,0,0,3,68,0
8478438,54,13,9,22,-7,1,1,2,0,92,955,4
8470064,6,0,0,0,-2,0,0,0,0,1,69,5
8471352,1,0,0,0,-1,0,0,0,0,1,10,0
8478376,7,0,0,0,-1,0,0,0,0,10,78,0
8466148,73,26,19,45,7,5,5,7,3,167,1657,8
8471346,24,3,5,8,-8,1,1,1,0,49,406,6
8471811,1,0,0,0,0,0,0,0,0,1,12,0
8458529,14,2,3,5,-1,1,1,1,0,21,264,6
8470299,49,7,5,12,-13,3,3,1,0,44,726,8
8477290,76,7,9,16,-19,0,0,2,0,94,1657,16
8476617,17,1,3,4,-2,0,0,0,0,22,258,2
8471636,15,0,2,2,-1,0,0,0,0,10,226,33
8479518,5,0,0,0,1,0,0,0,0,6,61,0
8482635,8,0,0,0,-2,0,0,0,0,7,119,0
8482153,15,2,6,8,-5,1,1,1,0,20,245,2
8456464,78,21,24,45,-9,11,11,4,0,227,1531,75
8480988,7,1,1,2,0,0,0,0,0,10,90,2
8467875,81,23,32,55,-21,9,9,5,1,189,1693,40
8482147,4,1,0,1,1,0,0,0,0,2,44,0
8477496,68,12,24,36,-7,2,2,2,0,123,1670,14
8477482,16,2,1,3,-3,0,0,1,0,20,278,4
8476944,5,0,0,0,0,0,0,0,0,5,64,7
8475295,20,2,2,4,-3,0,0,0,0,8,221,6
8479322,60,9,6,15,-3,0,0,2,0,89,1035,36
8466202,48,6,14,20,-7,0,0,0,0,93,804,20
8478996,25,2,1,3,2,0,0,2,0,14,310,2
8472263,41,4,4,8,3,0,0,0,0,27,456,47
8478028,28,1,3,4,0,0,0,1,0,34,396,2
8479336,43,2,6,8,-13,0,0,0,0,61,523,18
8466216,65,1,3,4,-16,0,0,0,0,58,886,45
8477455,13,0,1,1,-2,0,0,0,0,13,188,7
8468575,50,6,6,12,3,0,0,0,0,46,785,16
8480977,1,0,0,0,1,0,0,0,0,0,10,0
8480220,64,14,14,28,2,1,1,2,0,97,1415,12
8481102,5,1,1,2,2,0,0,1,0,5,60,0
8480208,66,18,36,54,-6,10,10,2,0,141,1577,18
8467493,53,1,3,4,-11,0,0,0,0,42,616,63
8477680,1,0,0,0,0,0,0,0,0,0,12,0
8459596,78,12,15,27,-13,4,4,0,0,75,1465,4
8469455,71,12,13,25,-3,3,3,1,0,97,1135,26
8470662,1,0,0,0,-1,0,0,0,0,1,6,0
8476207,15,0,0,0,-7,0,0,0,0,9,212,4
8460465,82,21,23,44,4,4,4,6,0,170,1710,40
8473419,61,21,26,47,-8,5,5,5,2,175,1411,62
8473431,1,0,0,0,0,0,0,0,0,1,10,0
8478564,44,2,3,5,-6,0,0,0,0,35,812,4
8476549,5,0,1,1,2,0,0,0,0,5,72,0
8469469,39,2,9,11,1,1,1,0,0,48,583,15
8471226,57,5,8,13,-7,1,1,0,0,77,868,18
8475726,65,25,20,45,-17,5,5,1,0,190,1279,12
8467336,13,0,1,1,1,0,0,0,0,6,122,23
8447958,62,4,5,9,-2,0,0,1,0,79,869,66
8471232,69,8,12,20,5,0,0,0,0,108,1324,10
8470611,72,7,8,15,-8,0,0,0,0,67,1163,30
8475769,5,0,0,0,1,0,0,0,0,5,71,0
8470605,2,0,0,0,-1,0,0,0,0,2,20,5
8467351,34,1,8,9,-7,0,0,1,0,20,564,6
8468704,22,3,2,5,-3,0,0,2,0,26,371,2
8473456,5,0,0,0,0,0,0,0,0,3,82,2
8467423,59,6,9,15,1,0,0,2,0,73,1170,34
8470639,50,5,8,13,-5,1,1,0,0,54,798,12
8480247,6,0,1,1,0,0,0,0,0,3,58,0
8481617,66,6,15,21,4,0,0,2,0,93,1083,22
8476062,20,3,1,4,0,0,0,0,0,43,397,0
8479351,63,6,14,20,-4,0,0,1,0,78,1187,22
8471719,33,1,1,2,-1,0,0,0,0,12,252,63
8475219,1,0,0,0,0,0,0,0,0,0,12,0
8479423,9,1,1,2,1,0,0,0,0,11,150,6
8475231,65,5,7,12,-14,0,0,1,0,74,1181,38
8473898,9,1,3,4,0,0,0,0,0,11,151,4
8477426,60,20,17,37,9,2,2,3,1,109,1252,30
8468506,51,2,2,4,-10,0,0,0,0,32,597,58
8479379,36,1,3,4,-13,0,0,0,0,31,381,40
8478067,73,6,9,15,-16,0,0,0,0,75,1181,18
8475225,44,9,7,16,-9,2,2,1,0,78,650,28
8473867,10,1,0,1,-5,1,1,0,0,10,130,2
8471916,4,1,0,1,2,0,0,1,0,1,51,5
8482652,40,2,5,7,-3,0,0,0,0,29,501,6
8483570,39,4,0,4,-6,0,0,0,0,33,527,6
8482097,58,10,14,24,-21,2,2,2,0,101,1130,14
8479543,17,0,0,0,-4,0,0,0,0,8,141,10
8470201,32,3,8,11,-3,1,1,1,0,27,552,4
8480858,1,0,0,0,0,0,0,0,0,2,16,0
8476116,27,2,1,3,-3,0,0,1,0,26,407,20
8474715,38,4,5,9,-4,1,1,0,0,43,473,11
8459687,30,1,0,1,-2,0,0,1,0,13,470,25
8479557,3,0,0,0,0,0,0,0,0,1,36,0
8478891,56,8,11,19,9,0,0,2,0,88,1112,20
8473734,28,1,1,2,-9,0,0,0,0,20,430,17
8476894,62,7,16,23,-14,1,1,1,0,92,1128,24
8475423,12,1,1,2,-3,0,0,0,0,10,138,12
8480870,2,0,0,0,0,0,0,0,0,2,37,0
8479580,60,4,6,10,-4,0,0,0,0,46,1051,35
8471862,31,7,8,15,-2,1,1,0,0,58,578,13
8459122,70,4,4,8,-6,0,0,0,0,39,1046,32
8482726,33,1,2,3,-2,0,0,0,0,18,374,21
8468499,13,0,1,1,-1,0,0,0,0,29,192,2
8476857,5,0,1,1,0,0,0,0,0,4,61,0
8477591,40,3,3,6,-7,0,0,0,0,50,586,16
8474098,35,2,3,5,-6,0,0,0,0,38,447,26
8470598,64,16,20,36,-12,4,4,1,0,108,1188,26
8479999,67,12,25,37,-15,2,2,3,0,88,1331,22
8471309,2,0,1,1,0,0,0,0,0,3,37,2
8458943,65,12,27,39,5,3,3,2,0,116,1394,24
8476466,1,0,0,0,-1,0,0,0,0,1,18,0
8460562,24,1,4,5,2,0,0,0,0,26,426,8
8478463,82,18,22,40,-10,3,3,5,1,176,1718,24
8467543,1,0,0,0,0,0,0,0,0,0,9,0
8475147,21,1,1,2,-4,0,0,0,0,20,235,4
8473536,71,7,11,18,-4,0,0,1,0,79,1318,37
8478477,27,0,6,6,-8,0,0,0,0,17,433,8
8469591,33,1,3,4,-9,0,0,0,0,31,534,40
8480441,9,1,0,1,-5,0,0,0,0,19,140,0
8477963,30,2,3,5,-7,0,0,1,0,18,448,9
8478488,1,0,0,0,1,0,0,0,0,1,12,0
8475184,53,18,4,22,-8,6,6,6,0,130,1136,20
8479972,59,7,10,17,-1,0,0,0,0,92,869,79
8475190,2,0,0,0,-1,0,0,0,0,1,19,0
8445735,80,9,10,19,-29,2,2,2,0,95,1334,36
8471490,2,0,0,0,-1,0,0,0,0,3,35,0
8475191,64,10,21,31,1,1,1,2,0,96,1340,22
8480468,10,0,0,0,-3,0,0,0,0,12,144,2
8481004,15,0,1,1,0,0,0,0,0,13,245,4
8475185,39,2,2,4,-4,0,0,0,0,35,646,6
8482243,1,0,0,0,0,0,0,0,0,1,13,0
8477962,32,3,2,5,0,0,0,1,0,29,343,64
8469584,7,0,0,0,-1,0,0,0,0,3,77,0
8475807,44,1,6,7,1,0,0,0,0,46,754,6
8480326,63,11,6,17,-9,4,4,0,0,94,1098,29
8483808,49,6,14,20,-11,4,4,3,0,59,875,12
8476329,39,5,5,10,-5,1,1,0,0,23,614,2
8473537,75,11,5,16,-9,1,1,2,0,101,1366,41
8484801,56,21,29,50,-27,7,7,4,1,196,1136,24
8477989,66,7,14,21,-10,1,1,0,0,87,1298,14
8478462,56,9,15,24,-5,1,1,3,0,79,1082,41
8481789,53,4,4,8,-16,0,0,0,0,45,701,36
8468881,13,0,1,1,-1,0,0,0,0,10,124,7
8469547,50,2,1,3,-6,0,0,0,0,43,509,28
8474516,6,0,0,0,1,0,0,0,0,4,82,0
8460577,29,4,7,11,-7,2,2,0,0,41,505,0
8462823,69,16,13,29,-1,10,10,1,0,115,1274,24
8481560,14,3,1,4,2,0,0,0,0,21,216,2
8470599,5,1,1,2,-2,0,0,0,0,6,105,2
8482055,68,8,12,20,-14,1,1,2,1,102,1332,30
8467967,12,0,2,2,1,0,0,0,0,5,156,2
8471863,4,1,0,1,1,0,0,0,0,1,42,0
8458229,67,13,19,32,-2,5,5,1,0,120,1408,56
8475436,7,0,1,1,0,0,0,0,0,3,62,21
8476881,67,27,28,55,-6,12,12,3,0,159,1300,20
8469779,2,0,0,0,-3,0,0,0,0,1,35,0
8478106,5,0,1,1,0,0,0,0,0,3,71,0
8472365,3,0,0,0,0,0,0,0,0,0,28,14
8479542,66,31,42,73,28,0,0,4,0,189,1608,48
8471678,74,13,6,19,-8,1,1,4,0,83,1462,22
8480078,56,13,13,26,-7,1,1,1,0,133,1039,18
8482109,67,15,23,38,-14,2,2,4,0,136,1385,24
8473682,24,1,5,6,1,0,0,0,0,21,324,2
8476922,4,0,0,0,2,0,0,0,0,2,47,4
8458361,18,2,7,9,-3,1,1,0,0,26,365,10
8478099,34,2,10,12,1,0,0,0,0,35,455,12
8479393,42,4,2,6,-14,0,0,2,0,49,757,24
8474884,67,14,20,34,-10,1,1,3,2,148,1218,28
8475224,3,0,0,0,0,0,0,0,0,2,27,2
8477427,6,0,2,2,0,0,0,0,0,12,129,4
8477341,13,0,3,3,-6,0,0,0,0,18,227,6
8471730,3,0,0,0,0,0,0,0,0,0,23,0
8480087,2,0,0,0,-1,0,0,0,0,1,21,0
8471718,74,2,5,7,-2,0,0,0,0,68,1182,17
8479344,22,3,1,4,2,0,0,0,0,29,300,6
8459094,82,3,17,20,-1,0,0,0,0,53,1527,162
8474674,59,0,2,2,-3,0,0,0,0,41,812,15
8471283,35,1,6,7,-3,0,0,1,0,19,621,59
8467393,73,3,9,12,-2,0,0,1,0,66,1148,97
8470189,1,0,0,0,0,0,0,0,0,1,10,0
8477816,1,0,0,0,-1,0,0,0,0,0,13,0
8482451,2,0,1,1,-2,0,0,0,0,2,33,2
8480252,14,4,2,6,1,0,0,1,0,26,247,2
8477631,1,0,0,0,0,0,0,0,0,0,13,0
8470638,78,27,31,58,35,9,9,7,0,249,1963,22
8475754,65,20,24,44,3,1,1,6,1,166,1505,16
8471254,11,1,0,1,-4,1,1,1,0,8,160,4
8470162,68,4,8,12,4,0,0,1,0,65,1030,28
8470604,79,13,16,29,-16,4,4,2,1,139,1599,30
8475768,67,19,20,39,-6,3,3,5,0,158,1378,22
8470610,82,21,13,34,7,3,3,2,1,182,1900,24
8470176,56,9,10,19,-2,0,0,2,0,108,932,40
8471268,1,0,0,0,0,0,0,0,0,0,9,7
8470606,64,9,19,28,-3,1,1,0,0,146,1234,20
8476511,1,1,0,1,1,0,0,0,0,1,10,2
8476505,2,0,0,0,-1,0,0,0,0,1,37,0
8478528,23,0,3,3,-5,0,0,0,0,14,322,0
8470612,56,3,34,37,-14,2,2,1,0,104,1286,29
8467346,23,3,1,4,0,0,0,1,0,27,360,4
8476539,66,19,29,48,-20,4,4,4,1,186,1398,33
8468707,1,0,0,0,0,0,0,0,0,0,16,0
8475756,3,0,0,0,-1,0,0,0,0,2,49,0
8470809,1,0,0,0,0,0,0,0,0,0,6,0
8476288,32,5,3,8,-5,0,0,1,0,32,615,35
8473496,1,0,0,0,0,0,0,0,0,1,8,0
8473482,30,2,2,4,-1,1,1,0,0,38,555,6
8479420,59,34,25,59,4,5,5,3,0,186,1387,29
8479346,82,18,27,45,-6,1,1,3,1,151,1785,47
8466266,1,0,0,0,0,0,0,0,0,1,16,0
8478058,1,0,0,0,-1,0,0,0,0,0,10,2
8474138,34,2,2,4,-4,0,0,0,0,30,459,2
8477357,64,4,6,10,0,0,0,0,0,61,996,16
8474892,4,0,0,0,0,0,0,0,0,2,50,0
8477425,29,2,2,4,-5,0,0,1,0,49,478,46
8468505,53,3,4,7,-8,0,0,0,0,45,844,80
8479385,67,27,26,53,12,6,6,4,0,189,1421,18
8476934,26,4,4,8,1,0,0,0,0,30,434,0
8475597,14,2,1,3,-1,0,0,0,0,13,193,18
8477380,36,7,6,13,9,0,0,1,0,47,549,4
8483567,4,0,0,0,1,0,0,0,0,3,56,0
8482679,60,16,17,33,3,3,3,2,1,136,1255,21
8478104,71,9,16,25,4,0,0,1,0,70,1049,30
8476897,53,5,10,15,-5,3,3,0,0,48,970,28
8473904,2,0,0,0,-1,0,0,0,0,3,26,0
8471691,7,1,1,2,-4,1,1,0,0,14,140,4
8471685,65,16,37,53,5,3,3,5,0,84,1441,2
8475178,58,6,13,19,2,2,2,1,0,58,889,63
8476471,1,0,0,0,-1,0,0,0,0,1,17,0
8459492,48,12,18,30,3,4,4,2,0,85,977,32
8474500,2,0,0,0,0,0,0,0,0,2,35,0
8471450,34,3,5,8,-3,0,0,0,0,35,577,26
8477021,66,8,10,18,-11,0,0,0,0,82,1413,12
8475150,4,0,0,0,-3,0,0,0,0,1,51,0
8478474,65,10,4,14,-6,1,1,2,0,103,1327,28
8471336,11,2,1,3,1,0,0,1,0,8,124,6
8476459,67,15,34,49,-19,5,5,0,0,152,1561,20
8466138,34,5,5,10,-10,3,3,1,0,26,520,10
8480330,4,2,0,2,1,0,0,0,0,16,73,0
8477960,65,27,27,54,14,5,5,4,1,191,1482,30
8482241,10,1,0,1,-1,0,0,0,0,9,125,0
8477974,1,0,0,0,0,0,0,0,0,2,12,0
8459479,79,12,19,31,6,0,0,1,0,121,1682,31
8475193,62,6,9,15,-2,1,1,0,0,59,1015,18
8468868,11,0,0,0,-4,0,0,0,0,2,149,34
8477949,65,25,24,49,11,1,1,2,0,158,1664,38
8481013,62,10,9,19,-7,3,3,1,0,75,1031,12
8475192,5,0,0,0,-3,0,0,0,0,5,70,4
8479970,15,0,3,3,2,0,0,0,0,7,169,2
8480443,2,0,1,1,0,0,0,0,0,1,33,0
8459450,30,2,3,5,-4,0,0,0,0,24,286,40
8475810,58,22,27,49,-22,3,3,5,2,146,1452,16
8482240,26,1,1,2,-9,0,0,1,0,22,478,8
8459444,59,9,7,16,-17,6,6,0,0,100,1173,40
8469587,64,5,8,13,-4,0,0,1,0,79,1019,22
8458982,13,1,0,1,-2,0,0,0,0,6,107,25
8477961,9,0,0,0,-1,0,0,0,0,14,137,0
8473534,23,2,2,4,-5,0,0,0,0,25,412,6
8471323,52,2,4,6,0,0,0,1,0,59,788,40
8466139,56,4,5,9,-9,2,2,0,0,54,1004,10
8475637,2,0,1,1,1,0,0,0,0,5,38,2
8471451,10,3,0,3,2,0,0,1,0,11,117,2
8476458,66,10,27,37,0,0,0,3,0,117,1392,46
8475151,65,20,21,41,-9,4,4,2,0,133,1469,14
8469544,70,10,11,21,-16,0,0,1,0,143,1195,14
8478449,59,25,27,52,13,6,6,6,0,132,1344,20
8476855,58,9,7,16,2,3,3,1,0,94,864,26
8481577,51,10,10,20,-6,3,3,6,0,86,852,6
8481239,9,2,1,3,-4,0,0,0,0,5,104,0
8478844,20,1,2,3,-5,0,0,0,0,15,315,6
8467964,21,1,5,6,-4,0,0,0,0,25,280,18
8473911,18,2,2,4,1,0,0,0,0,15,209,30
8473905,1,0,0,0,0,0,0,0,0,2,16,2
8474059,14,0,2,2,-6,0,0,0,0,10,225,6
8473722,12,0,1,1,-1,0,0,0,0,6,126,27
8476882,67,15,37,52,-14,7,7,0,0,97,1313,10
8470203,29,5,5,10,5,0,0,1,0,46,432,8
8469752,3,0,0,0,0,0,0,0,0,1,39,0
8482081,6,1,0,1,-2,0,0,0,0,8,104,0
8474850,41,4,1,5,-7,0,0,0,0,25,509,23
8476921,67,12,19,31,16,0,0,3,0,98,1390,12
8474844,2,0,0,0,0,0,0,0,0,0,40,0
8480053,19,0,8,8,2,0,0,0,0,31,350,4
8479390,78,20,17,37,-28,7,7,1,0,129,1472,16
8471733,19,0,4,4,1,0,0,0,0,10,256,22
8468504,60,8,16,24,-6,2,2,1,0,85,1048,12
8474139,29,1,3,4,-4,0,0,1,0,14,460,18
8468510,5,0,2,2,2,0,0,0,0,7,93,0
8479353,65,18,13,31,9,0,0,3,1,108,1241,35
8479347,2,0,0,0,0,0,0,0,0,0,19,0
8475794,19,9,11,20,14,3,3,2,0,43,404,2
8470834,82,17,17,34,-7,6,6,3,1,211,1673,94
8475780,13,1,1,2,3,0,0,0,0,16,157,9
8475958,38,2,7,9,-5,1,1,0,0,33,626,9
8481601,58,14,20,34,7,1,1,2,0,72,1254,8
8471280,9,0,0,0,-4,0,0,0,0,10,114,0
8480245,11,0,3,3,1,0,0,0,0,5,166,2
8482452,4,0,0,0,-2,0,0,0,0,3,70,0
8467353,40,6,12,18,6,2,2,0,0,56,789,16
8475757,3,0,0,0,-1,0,0,0,0,2,34,7
8480292,14,0,1,1,-2,0,0,0,0,17,185,6
8470159,13,1,0,1,-5,0,0,0,0,8,184,2
8471521,15,1,1,2,0,0,0,1,0,5,128,41
8468064,45,5,19,24,-7,1,1,2,0,69,1068,30
8467357,61,5,9,14,-13,0,0,0,0,117,903,20
8473444,1,0,0,0,0,0,0,0,0,0,9,0
8470603,72,16,20,36,-1,5,5,5,0,122,1410,26
8470617,53,5,11,16,-10,1,1,1,0,63,966,39
8470171,38,2,5,7,-11,0,0,1,0,29,614,15
8473493,15,1,5,6,4,0,0,0,0,10,148,2
8475784,56,11,10,21,-6,0,0,0,0,114,881,10
8471290,1,0,0,0,0,0,0,0,0,0,10,0
8477839,57,4,11,15,-3,0,0,0,0,50,869,12
8459534,38,9,5,14,8,0,0,1,1,59,686,12
8459246,36,0,1,1,-9,0,0,0,0,18,298,73
8475223,4,0,0,0,-2,0,0,0,0,1,60,0
8465024,34,1,3,4,-10,0,0,0,0,38,578,22
8473646,60,7,5,12,-3,0,0,0,0,62,969,48
8468500,43,7,9,16,4,0,0,2,0,78,770,8
8478075,14,2,6,8,4,0,0,0,0,15,236,2
8479343,65,23,51,74,-10,7,7,4,1,174,1490,18
8470373,15,3,3,6,2,0,0,1,0,30,231,4
8469622,13,1,3,4,-1,0,0,0,0,15,239,4
8477391,1,0,1,1,-1,0,0,0,0,1,15,2
8476925,65,7,14,21,-8,0,0,0,0,72,1390,22
8482654,5,0,0,0,0,0,0,0,0,4,66,0
8482132,25,4,4,8,-8,0,0,1,0,43,400,8
8476919,36,3,7,10,-8,0,0,0,0,19,528,6
8478115,45,4,4,8,-10,0,0,1,0,48,669,14
8471657,38,1,0,1,-13,0,0,0,0,22,363,67
8474049,5,0,0,0,-2,0,0,0,0,2,73,14
8475343,56,3,1,4,-10,1,1,1,0,51,880,28
8470207,46,11,3,14,-10,2,2,2,0,102,980,12
8474061,4,0,0,0,-1,0,0,0,0,1,27,7
8472410,5,0,0,0,-4,0,0,0,0,4,71,0
8471694,9,0,0,0,-3,0,0,0,0,3,75,4
8477583,1,0,0,0,0,0,0,0,0,0,6,0
8476851,11,0,0,0,-8,0,0,0,0,8,116,4
8471680,41,7,2,9,-7,1,1,1,0,72,739,41
8482720,62,24,19,43,-2,4,4,3,0,111,1429,31
8470039,76,14,11,25,-8,0,0,3,0,123,1696,32
8467545,47,6,13,19,-1,0,0,0,0,89,902,30
8476448,38,7,11,18,7,0,0,3,0,89,783,0
8476460,67,35,40,75,13,10,10,9,2,144,1408,53
8475169,77,24,20,44,-4,2,2,3,1,220,1458,85
8470777,1,0,0,0,0,0,0,0,0,0,11,0
8467579,3,0,0,0,-1,0,0,0,0,1,13,0
8470005,6,0,1,1,2,0,0,0,0,1,77,2
8476474,66,19,15,34,-6,10,10,5,1,144,1372,50
8477959,10,1,1,2,2,0,0,0,0,10,177,6
8479974,25,2,5,7,1,0,0,0,0,34,403,6
8475196,11,0,2,2,-2,0,0,0,0,10,135,2
8484153,60,14,17,31,3,3,3,5,2,80,1139,10
8475800,13,2,0,2,-2,0,0,0,0,10,179,6
8459454,18,0,0,0,-2,0,0,0,0,11,254,2
8482250,2,0,0,0,-1,0,0,0,0,2,26,0
8469582,2,0,0,0,-3,0,0,0,0,0,19,0
8477964,56,19,23,42,20,2,2,3,1,90,1068,10
8459441,27,2,6,8,5,0,0,0,0,34,350,21
8471483,5,0,0,0,-1,0,0,0,0,2,61,0
8475183,8,0,0,0,1,0,0,0,0,7,112,4
8477958,1,0,0,0,0,0,0,0,0,0,15,0
8481016,1,0,1,1,0,0,0,0,0,2,20,0
8478458,66,21,12,33,-6,1,1,2,0,115,1128,4
8475168,65,25,41,66,10,7,7,6,1,119,1359,8
8468887,58,1,4,5,-15,0,0,0,0,54,940,54
8476461,65,10,22,32,-1,0,0,1,1,115,1362,33
8470986,37,1,4,5,-8,0,0,1,0,25,549,35
8471326,1,0,0,0,0,0,0,0,0,0,12,0
8475154,7,0,0,0,-3,0,0,0,0,4,63,0
8479587,4,0,0,0,-1,0,0,0,0,0,47,0
8473914,7,0,0,0,0,0,0,0,0,5,102,0
8476878,66,2,4,6,-4,0,0,1,0,72,1091,31
8465192,80,4,13,17,-2,0,0,1,0,93,1715,34
8475381,36,2,2,4,-3,0,0,0,0,41,696,10
8471859,46,3,12,15,-5,1,1,0,0,42,1119,11
8471681,55,5,4,9,0,0,0,0,0,73,733,12
8448772,18,0,1,1,-5,0,0,0,0,17,207,21
8484387,66,20,27,47,-16,7,7,3,3,156,1280,42
8479550,32,2,2,4,-5,0,0,0,0,23,456,2
8480863,1,0,0,0,0,0,0,0,0,0,12,0
8477227,4,0,0,0,-2,0,0,0,0,10,63,2
8476887,66,25,34,59,-14,8,8,2,0,234,1480,42
8476918,35,4,2,6,-3,0,0,0,0,30,516,0
8479381,24,0,1,1,-7,0,0,0,0,33,336,17
8482133,27,6,5,11,-18,4,4,1,0,48,480,18
8476924,6,2,0,2,-4,2,2,0,0,15,99,2
8474114,13,1,3,4,-1,0,0,0,0,27,247,2
8479356,9,1,0,1,-3,0,0,1,0,12,127,4
8474666,20,2,3,5,-2,0,0,1,0,28,299,6
8479424,4,0,0,0,-1,0,0,0,0,1,46,0
8477409,67,17,29,46,-14,5,5,5,0,202,1448,36
8470366,1,0,0,0,0,0,0,0,0,0,13,0
8474100,80,9,7,16,-2,0,0,1,0,110,1517,12
8474128,1,0,0,0,0,0,0,0,0,1,6,0
8475236,69,4,8,12,-15,1,1,1,0,74,1310,22
8465025,6,0,0,0,-5,0,0,0,0,1,65,14
8478074,4,0,0,0,0,0,0,0,0,2,39,2
8471736,1,0,0,0,0,0,0,0,0,1,8,5
8477353,40,2,4,6,-12,0,0,0,0,47,646,2
8468515,67,6,4,10,-5,0,0,0,0,72,849,88
8481638,9,0,0,0,-2,0,0,0,0,6,122,4
8475791,63,12,19,31,-8,2,2,1,0,117,1123,22
8475949,3,0,0,0,1,0,0,0,0,2,35,0
8473492,4,1,0,1,1,0,0,0,0,3,42,5
8481604,67,27,16,43,-5,11,11,4,0,200,1254,26
8470616,60,5,3,8,-19,1,1,1,0,86,1358,44
8475752,61,7,9,16,-1,0,0,0,0,54,833,14
8471246,18,1,3,4,-6,0,0,1,0,24,294,6
8478512,29,3,2,5,-4,0,0,0,0,27,450,8
8475744,63,8,16,24,-11,1,1,1,0,96,1327,30
8473453,48,4,4,8,-5,0,0,1,0,43,669,20
8480281,65,3,11,14,1,0,0,0,0,73,1158,21
8482496,10,1,2,3,-3,0,0,0,0,5,158,2
8473484,25,1,3,4,-8,0,0,0,0,36,409,9
8475793,63,13,10,23,-6,4,4,4,0,78,1153,34
8470199,4,0,0,0,-1,0,0,0,0,2,31,0
8480242,4,0,0,0,1,0,0,0,0,9,71,2
8479368,11,0,1,1,-5,0,0,0,0,4,155,12
8460639,44,3,0,3,-1,0,0,1,0,26,374,83
8468503,9,0,0,0,-4,0,0,0,0,4,115,12
8470358,71,6,8,14,-8,2,2,2,0,90,1198,59
8468517,4,0,0,0,-2,0,0,0,0,6,59,2
8480901,47,3,4,7,-4,0,0,2,0,48,786,8
8475220,67,11,11,22,5,0,0,1,0,72,1147,66
8474670,1,0,0,0,0,0,0,0,0,0,7,0
8471708,25,2,2,4,-4,0,0,1,0,45,439,20
8470370,5,0,0,0,-5,0,0,0,0,7,64,2
8474102,28,5,5,10,-4,2,2,1,0,48,583,2
8466260,14,0,2,2,-7,0,0,0,0,20,278,8
8480083,1,0,0,0,-1,0,0,0,0,0,10,0
8472215,9,3,2,5,-1,0,0,1,0,20,140,0
8480068,54,5,12,17,0,0,0,0,0,51,1020,16
8469812,35,2,2,4,-8,0,0,0,0,65,634,29
8477392,27,0,1,1,-6,0,0,0,0,17,367,2
8482125,82,16,12,28,-15,1,1,3,0,122,1319,14
8483549,1,1,0,1,0,0,0,0,0,5,13,0
8479383,58,5,11,16,-10,0,0,2,0,68,927,27
8467988,6,0,0,0,-4,0,0,0,0,6,84,4
8468463,61,5,7,12,-4,0,0,0,0,77,989,18
8466300,6,0,0,0,-3,0,0,0,0,5,79,4
8469755,1,0,0,0,0,0,0,0,0,0,14,2
8482092,63,11,13,24,-10,3,3,1,0,92,1533,52
8479546,3,1,0,1,0,0,0,0,0,5,40,0
8474062,49,0,4,4,-5,0,0,0,0,36,800,10
8480849,66,17,21,38,3,5,5,5,0,130,1458,25
8471668,5,0,0,0,-2,0,0,0,0,14,80,6
8472361,7,1,0,1,0,0,0,0,0,9,89,0
8474089,10,0,0,0,-4,0,0,0,0,7,125,6
8482079,67,21,32,53,10,6,6,2,1,114,1239,24
8471697,11,1,1,2,-2,0,0,1,0,11,139,2
8482737,57,12,13,25,14,2,2,0,0,82,934,18
8478843,65,13,8,21,4,0,0,1,0,112,952,8
8478857,1,0,0,0,-2,0,0,0,0,1,10,0
8467977,8,0,0,0,-2,0,0,0,0,10,84,4
8479591,62,6,5,11,1,0,0,1,0,110,942,48
8478466,21,2,3,5,0,1,1,1,0,36,322,2
8471324,44,1,9,10,-8,0,0,0,0,85,945,20
8473533,67,12,21,33,14,0,0,3,0,95,1441,16
8476339,2,0,0,0,-1,0,0,0,0,0,19,0
8478472,48,3,7,10,-7,0,0,0,0,60,814,14
8476477,8,1,0,1,-2,1,1,0,0,10,116,2
8479022,14,2,1,3,-6,0,0,0,0,15,184,2
8460567,53,5,10,15,-3,2,2,0,0,83,1091,38
8469543,54,9,7,16,-4,0,0,0,0,42,654,72
8479977,58,10,15,25,12,0,0,3,0,97,1218,24
8459457,4,0,1,1,1,0,0,0,0,5,57,0
8484144,67,17,35,52,-33,7,7,5,1,159,1397,62
8481028,65,4,17,21,0,1,1,0,0,84,1266,78
8469581,39,6,9,15,0,0,0,2,0,37,614,2
8459442,65,11,18,29,3,0,0,1,1,81,1445,46
8478498,66,23,14,37,-12,11,11,3,1,133,1441,14
8449645,40,4,11,15,-4,1,1,0,0,79,696,8
8477973,38,1,7,8,-2,0,0,1,0,32,457,8
8484145,59,10,13,23,-1,3,3,0,0,90,1169,54
8475180,23,1,3,4,-10,0,0,0,0,30,412,7
8471480,7,0,0,0,-3,0,0,0,0,3,74,0
8470775,33,1,2,3,-15,0,0,0,0,23,640,31
8476304,5,0,1,1,1,0,0,0,0,3,67,5
8469542,12,1,1,2,0,0,0,1,0,9,144,10
8468884,20,0,0,0,-4,0,0,0,0,2,97,42
8475619,33,1,1,2,-2,0,0,0,0,21,385,35
8476310,30,3,5,8,4,0,0,0,0,44,576,12
8471457,5,0,0,0,-3,0,0,0,0,4,36,11
8471331,2,0,0,0,-1,0,0,0,0,0,37,0
8477998,65,19,18,37,27,0,0,6,0,157,1382,16
8468660,4,0,0,0,-1,0,0,0,0,0,14,2
8473526,43,8,9,17,-11,2,2,0,0,131,906,18
8475157,2,1,0,1,1,0,0,0,0,3,14,0
8459640,73,5,11,16,0,0,0,0,0,107,1375,12
8478856,66,17,24,41,-8,6,6,4,2,144,1522,50
8481559,62,27,43,70,12,6,6,7,2,229,1411,18
8482078,67,23,46,69,-8,6,6,3,1,158,1526,18
8471682,45,4,8,12,-5,0,0,0,0,60,784,14
8479553,40,7,7,14,8,0,0,0,0,49,631,13
8480848,54,1,5,6,-21,0,0,0,0,37,830,41
8474077,1,0,0,0,0,0,0,0,0,0,13,0
8471669,73,9,13,22,4,2,2,3,0,80,1129,16
8474705,32,4,2,6,-5,0,0,0,0,33,428,6
8479547,2,0,0,0,0,0,0,0,0,1,26,2
8482093,60,26,25,51,6,6,6,2,0,157,1332,12
8478881,7,1,0,1,-2,0,0,0,0,9,113,2
8474739,75,9,8,17,-11,1,1,1,0,86,1312,45
8471641,11,1,4,5,-3,0,0,0,0,16,192,4
8479382,15,0,0,0,-7,0,0,0,0,10,227,4
8484227,60,13,22,35,-11,4,4,1,0,99,1067,10
8471912,4,1,0,1,-1,0,0,0,0,3,82,0
8482124,65,17,23,40,11,1,1,4,3,126,1463,36
8473687,3,0,0,0,0,0,0,0,0,1,31,4
8476927,66,7,14,21,-5,0,0,0,0,73,1343,23
8482118,20,6,1,7,-6,1,1,1,0,28,312,2
8480082,1,0,0,0,0,0,0,0,0,2,10,0
8482859,44,1,3,4,-8,0,0,0,0,20,670,31
8475209,4,0,1,1,-2,0,0,0,0,4,74,0
8475235,18,0,1,1,-3,0,0,0,0,13,179,15
8465026,2,0,0,0,-2,0,0,0,0,0,32,0
8475786,61,22,15,37,10,6,6,6,1,171,1220,26
8474498,52,9,9,18,-2,1,1,2,0,100,1015,38
8473491,6,0,2,2,2,0,0,0,0,4,78,2
8473485,16,0,1,1,-7,0,0,0,0,5,212,21
8475792,9,0,1,1,-3,0,0,0,0,6,94,15
8467396,68,21,18,39,2,3,3,0,0,122,1383,14
8484958,60,7,20,27,4,0,0,1,0,83,1153,33
8470615,3,0,0,0,-2,0,0,0,0,2,43,0
8475745,68,15,8,23,-9,3,3,2,0,96,1614,18
8468714,1,0,0,0,0,0,0,0,0,1,17,0
8479619,46,6,9,15,-5,0,0,0,0,68,752,34
8471245,25,1,4,5,-2,0,0,0,0,26,506,16
8468700,63,2,4,6,-4,0,0,0,0,46,1135,46
8467355,29,0,0,0,-5,0,0,0,0,15,254,93
8475748,1,0,0,0,1,0,0,0,0,0,4,2
8470156,9,0,1,1,-2,0,0,0,0,5,188,7
8478250,4,0,2,2,-2,0,0,0,0,1,71,2
8467370,16,2,2,4,0,0,0,1,0,14,301,8
8473463,1,0,0,0,0,0,0,0,0,0,20,2
8471260,6,1,0,1,-1,0,0,0,0,2,118,4
8475760,53,5,10,15,-9,1,1,0,0,95,968,12
8470618,77,9,11,20,-2,0,0,1,0,64,985,30
8477836,2,1,0,1,-1,0,0,0,0,1,30,2
8473488,2,1,0,1,1,0,0,0,0,6,28,0
8470803,70,6,3,9,-14,0,0,2,0,74,1190,33
8476043,3,0,1,1,1,0,0,0,0,4,35,0
8479370,25,2,1,3,4,0,0,0,0,23,314,14
8460621,68,18,31,49,2,4,4,4,2,151,1492,10
8462036,4,0,1,1,3,0,0,0,0,6,79,0
8479364,8,0,0,0,0,0,0,0,0,3,109,0
8471738,1,0,0,0,0,0,0,0,0,0,10,0
8477407,35,6,4,10,-11,2,2,0,0,53,703,8
8469639,12,0,1,1,-5,0,0,0,0,10,206,6
8475210,3,0,1,1,1,0,0,0,0,2,40,0
8474668,23,1,4,5,1,0,0,0,0,15,328,16
8479358,7,0,0,0,-3,0,0,0,0,4,94,2
8478046,66,8,16,24,-2,1,1,0,0,70,1250,31
8475204,1,0,0,0,-2,0,0,0,0,2,16,0
8477413,64,7,10,17,10,0,0,1,0,95,930,14
8451359,7,2,0,2,-5,1,1,0,0,14,139,0
8482101,2,1,1,2,-1,1,1,0,0,8,42,0
8482667,63,14,35,49,-4,6,6,2,1,116,1353,22
8480064,56,21,14,35,-6,6,6,5,1,96,1482,44
8474683,46,5,13,18,-4,0,0,0,0,72,952,26
8470383,5,0,1,1,-3,0,0,0,0,4,69,0
8476889,55,3,8,11,-3,0,0,1,0,52,1007,30
8474052,14,2,2,4,-1,0,0,0,0,15,213,4
8477573,58,7,4,11,-3,0,0,0,0,55,973,38
8458590,28,4,4,8,-4,1,1,1,0,31,456,20
8480845,58,5,3,8,-1,0,0,1,0,52,913,16
8471664,4,0,0,0,-2,0,0,0,0,3,53,0
8477201,9,1,0,1,1,0,0,0,0,7,81,21
8471670,27,6,4,10,-2,1,1,0,0,53,521,8
8472379,63,11,16,27,-2,4,4,3,1,74,900,10
8480851,23,1,2,3,-4,0,0,0,0,19,304,7
8469759,59,2,2,4,-15,0,0,0,0,48,1070,66
8473932,1,0,0,0,-2,0,0,0,0,0,14,0
8474085,10,1,2,3,-2,0,0,0,0,14,121,2
8482713,58,13,12,25,2,3,3,4,0,100,999,10
8474091,43,9,3,12,-9,0,0,0,0,65,989,2
8482061,1,0,0,0,0,0,0,0,0,0,17,0
8478873,61,18,31,49,5,4,4,3,1,138,1300,16
8481540,66,33,28,61,5,10,10,7,1,197,1293,14
8483431,59,17,30,47,3,7,7,1,0,122,1307,34
8481554,64,11,26,37,0,3,3,2,0,99,1228,32
8458976,71,4,18,22,-6,0,0,2,0,74,1500,58
8476453,62,28,65,93,14,5,5,8,1,208,1423,39
8474250,50,4,7,11,2,0,0,1,0,43,809,29
8476447,5,1,0,1,2,0,0,1,0,2,82,4
8470750,65,3,4,7,-12,0,0,1,0,57,1121,45
8470778,55,5,2,7,-12,0,0,1,0,43,835,18
8475166,59,27,29,56,4,10,10,7,1,156,1279,34
8478442,1,0,1,1,0,0,0,0,0,1,9,0
8479748,3,0,1,1,-1,0,0,0,0,2,42,0
8475172,65,23,25,48,-20,5,5,2,0,221,1504,63
8477003,4,0,0,0,-2,0,0,0,0,4,44,2
8477956,68,34,48,82,-5,7,7,4,3,280,1588,34
8477942,64,25,19,44,-9,9,9,4,0,189,1277,36
8475833,1,0,0,0,-1,0,0,0,0,0,16,0
8481024,4,0,0,0,0,0,0,0,0,4,57,0
8480448,66,7,10,17,-6,0,0,1,0,76,1265,25
8478495,66,7,10,17,-9,1,1,0,0,116,1140,10
8484149,1,0,0,0,0,0,0,0,0,0,14,0
8451774,41,9,19,28,-5,5,5,2,0,84,961,28
8478480,3,0,0,0,0,0,0,0,0,3,43,0
8477943,23,4,1,5,-2,0,0,0,0,24,246,6
8475832,28,3,3,6,-4,0,0,1,0,28,450,2
8475826,3,0,0,0,0,0,0,0,0,3,23,2
8481019,29,1,4,5,9,0,0,0,0,26,401,7
8471498,46,2,12,14,2,0,0,2,0,54,811,15
8477957,8,1,0,1,-4,0,0,0,0,12,114,2
8475198,1,0,0,0,0,0,0,0,0,0,2,0
8475173,1,0,0,0,0,0,0,0,0,0,13,2
8479991,1,0,0,0,-1,0,0,0,0,0,10,0
8456966,50,18,21,39,6,8,8,3,0,101,1039,36
8460542,16,2,6,8,5,0,0,0,0,21,340,10
8460556,40,7,3,10,-14,0,0,0,0,54,686,14
8477994,4,0,0,0,-3,0,0,0,0,2,76,0
8483424,1,0,0,0,-1,0,0,0,0,0,14,0
8480893,63,25,37,62,31,2,2,2,1,166,1324,18
8468485,5,3,2,5,4,0,0,0,0,9,86,7
8471856,53,1,13,14,-1,0,0,1,0,42,777,29
8473927,3,0,0,0,-1,0,0,0,0,2,48,0
8478866,72,3,10,13,0,0,0,1,0,88,1046,34
8482074,49,12,12,24,-7,1,1,2,1,96,932,14
8471842,13,2,0,2,-3,0,0,1,0,24,241,2
8482712,1,0,0,0,0,0,0,0,0,0,9,0
8474709,24,0,1,1,-2,0,0,0,0,12,273,10
8478133,66,12,17,29,0,0,0,5,0,60,1291,10
8477566,2,0,1,1,0,0,0,0,0,2,29,0
8481596,54,16,12,28,8,1,1,5,0,106,1416,16
8481582,56,11,7,18,-5,2,2,1,0,87,925,6
8480844,6,0,0,0,-3,0,0,0,0,5,90,2
8483395,8,0,0,0,-5,0,0,0,0,4,138,6
8476888,32,4,8,12,-2,0,0,1,0,36,549,6
8477228,2,0,0,0,0,0,0,0,0,3,27,0
8482896,12,1,0,1,-2,0,0,0,0,7,196,0
8484203,1,0,0,0,-3,0,0,0,0,3,22,0
8466292,50,3,3,6,-12,0,0,0,0,22,608,54
8478047,60,14,15,29,-20,9,9,1,0,111,1155,50
8479359,61,4,5,9,-15,0,0,0,0,51,929,25
8469638,60,5,12,17,2,0,0,1,0,73,1024,12
8468526,80,4,5,9,-1,0,0,0,0,49,1495,36
8477406,64,2,15,17,-6,0,0,0,0,40,1083,16
8482699,54,24,24,48,3,11,11,8,3,162,1118,20
8479365,57,8,7,15,-14,1,1,0,0,76,1084,44
8474641,65,8,9,17,3,0,0,2,0,81,1247,12
8466251,74,3,10,13,-12,0,0,0,0,79,1107,37
8468095,22,0,1,1,-6,0,0,0,0,4,152,85
8470816,34,2,0,2,-8,0,0,0,0,14,264,90
8481637,4,0,0,0,1,0,0,0,0,2,51,4
8470180,46,7,0,7,-6,0,0,1,0,27,786,20
8480267,9,1,1,2,-1,0,0,0,0,8,114,0
8476283,2,0,0,0,0,0,0,0,0,1,25,2
8471261,8,0,0,0,0,0,0,0,0,8,102,29
8470619,66,11,10,21,6,0,0,1,0,87,1033,27
8475761,6,0,0,0,-2,0,0,0,0,6,92,0
8481186,66,7,9,16,-7,0,0,0,0,73,1311,19
8475775,2,0,0,0,0,0,0,0,0,1,24,0
8462209,75,6,24,30,-1,2,2,0,0,87,1587,16
8467371,46,4,21,25,-5,2,2,0,0,38,927,14
8470625,27,0,6,6,2,0,0,0,0,25,394,48
8470631,76,5,9,14,-7,1,1,1,0,83,1471,18
8475749,6,0,2,2,1,0,0,0,0,9,84,2
8476526,3,0,0,0,-4,0,0,0,0,7,47,4
8475763,52,10,9,19,-14,4,4,1,0,82,857,6
8471263,57,6,8,14,-1,0,0,0,0,91,829,18
8471277,24,1,5,6,-8,0,0,0,0,28,398,6
8470169,82,3,8,11,-6,0,0,2,0,58,1256,78
8475950,3,0,0,0,0,0,0,0,0,5,40,2
8475788,24,2,4,6,-5,1,1,0,0,18,390,12
8480259,2,0,0,0,0,0,0,0,0,1,24,2
8481147,57,4,2,6,-15,0,0,1,0,54,843,38
8468083,82,11,45,56,1,1,1,2,0,180,1929,14
8465028,1,0,0,0,0,0,0,0,0,0,10,0
8479367,26,0,1,1,2,0,0,0,0,19,319,16
8479373,61,12,10,22,-25,3,3,2,0,105,1207,12
8474657,1,0,0,0,-1,0,0,0,0,3,13,0
8468518,64,2,6,8,-19,0,0,1,0,106,1150,28
8479415,80,4,22,26,6,0,0,1,0,90,1492,43
8477410,1,0,0,0,-1,0,0,0,0,1,18,0
8471707,19,2,2,4,-1,1,1,1,0,31,295,0
8471713,2,0,0,0,0,0,0,0,0,0,19,0
8478051,9,0,0,0,-3,0,0,0,0,9,119,4
8477404,65,32,31,63,11,14,14,3,0,172,1464,18
8475213,4,0,0,0,-1,0,0,0,0,3,48,2
8478904,64,5,9,14,2,0,0,2,0,59,993,4
8482116,66,20,48,68,2,3,3,1,1,131,1617,34
8476915,51,6,8,14,-11,1,1,0,0,59,933,31
8474870,56,12,20,32,-21,4,4,0,0,125,1085,16
8474045,16,0,2,2,3,0,0,0,0,13,243,4
8470223,4,1,0,1,1,0,0,0,0,7,63,0
8478131,1,0,0,0,0,0,0,0,0,0,20,0
8482089,67,17,17,34,-1,5,5,2,1,106,1356,37
8483397,1,1,0,1,1,0,0,0,0,2,19,0
8480846,6,0,0,0,0,0,0,0,0,5,67,4
8482062,55,4,6,10,-8,0,0,0,0,56,1074,60
8478870,17,3,2,5,-1,0,0,0,0,24,242,4
8480113,67,10,12,22,15,4,4,0,0,82,1177,15
8471698,72,19,36,55,17,3,3,4,1,162,1959,51
8471840,6,0,3,3,1,0,0,0,0,6,87,4
8476849,4,0,0,0,-1,0,0,0,0,3,54,2
8478864,37,23,29,52,19,3,3,4,1,128,758,14
8481557,67,21,34,55,-1,6,6,8,1,230,1306,41
8471868,41,2,0,2,-7,0,0,0,0,39,708,2
8481543,23,0,2,2,-4,0,0,0,0,15,262,4
8476322,8,0,0,0,-2,0,0,0,0,6,123,0
8474535,7,1,1,2,-1,1,1,0,0,10,119,0
8477996,75,7,8,15,-6,0,0,2,0,67,1385,14
8475159,2,0,0,0,-1,0,0,0,0,0,15,0
8476336,40,2,1,3,1,0,0,0,0,50,620,6
8478455,7,1,1,2,-2,0,0,1,0,13,113,0
8475165,22,1,3,4,2,0,0,0,0,12,351,6
8473514,20,2,2,4,-8,0,0,0,0,18,349,14
8479987,63,22,13,35,1,3,3,4,0,122,1300,20
8475603,5,0,0,0,0,0,0,0,0,3,52,2
8477941,74,13,13,26,-21,4,4,2,0,120,1394,53
8477955,67,16,29,45,4,3,3,2,1,160,1417,14
8482248,8,1,0,1,-3,0,0,0,0,5,106,2
8479944,65,4,10,14,-11,0,0,1,0,85,1157,23
8483630,14,1,2,3,-3,0,0,0,0,17,199,4
8481740,2,0,0,0,-1,0,0,0,0,1,29,0
8478483,65,21,59,80,9,6,6,6,2,144,1627,14
8481032,67,14,6,20,-10,0,0,2,0,77,1193,47
8481754,8,1,1,2,0,0,0,0,0,6,104,0
8480304,3,0,1,1,1,0,0,0,0,7,53,4
8474291,30,1,4,5,-2,0,0,0,0,21,606,8
8477940,58,21,36,57,17,6,6,4,1,150,1109,10
8479986,23,2,6,8,-1,0,0,0,0,31,365,12
8478440,69,22,26,48,-6,5,5,2,0,126,1402,28
8475164,81,10,16,26,-20,4,4,2,0,141,1756,32
8475602,14,2,5,7,-4,0,0,1,0,25,243,0
8477015,66,8,16,24,2,0,0,3,1,91,1140,8
8468121,1,0,0,0,0,0,0,0,0,2,7,0
8475170,67,15,27,42,-3,2,2,5,2,117,1482,50
8476479,64,6,28,34,14,0,0,2,0,107,1405,14
8468647,36,1,2,3,-3,1,1,0,0,27,390,47
8479992,62,10,7,17,-6,2,2,0,0,84,1153,22
8475158,63,16,26,42,-20,6,6,3,0,121,1467,11
8476451,12,1,1,2,1,0,0,1,0,14,179,2
8460541,54,7,7,14,-1,0,0,4,0,44,823,12
8476323,10,0,0,0,1,0,0,0,0,8,113,10
8476445,11,0,1,1,0,0,0,0,0,13,147,6
8477983,3,1,0,1,0,0,0,0,0,3,35,0
8481556,66,3,8,11,-5,0,0,0,0,35,1159,22
8468486,62,13,11,24,-3,2,2,2,0,82,1099,82
8471699,79,10,9,19,6,0,0,0,0,85,1599,44
8474939,1,0,0,0,0,0,0,0,0,0,14,0
8482077,67,21,28,49,10,5,5,5,1,155,1365,10
8482063,15,0,0,0,-5,0,0,0,0,3,213,2
8482705,54,9,20,29,-15,2,2,2,1,114,1132,35
8465175,51,1,4,5,-7,0,0,0,0,24,926,64
8482088,3,0,0,0,0,0,0,0,0,2,36,0
8475372,12,0,0,0,-1,0,0,0,0,3,131,4
8480853,62,7,7,14,-26,0,0,0,0,67,984,8
8475414,51,3,4,7,-7,0,0,0,0,54,788,4
8474722,12,1,2,3,-4,0,0,0,0,10,159,13
8479206,8,0,1,1,-3,0,0,0,0,6,113,2
8474050,5,0,2,2,1,0,0,0,0,6,62,2
8460743,74,11,13,24,-9,10,10,3,0,97,1105,40
8474736,4,0,0,0,-1,0,0,0,0,1,38,5
8482659,35,4,10,14,-2,2,2,0,0,59,675,8
8469820,59,1,2,3,-9,0,0,0,0,21,849,88
8481422,11,1,0,1,-2,1,1,1,0,14,205,0
8483553,22,3,1,4,-2,0,0,0,0,15,277,11
8465968,80,7,12,19,-12,0,0,2,0,114,1438,29
8482665,67,16,20,36,1,4,4,2,1,118,1406,14
8480072,1,0,0,0,-1,0,0,0,0,1,12,0
8467831,46,1,2,3,-8,0,0,1,0,26,737,10
8482117,58,6,13,19,-8,0,0,1,0,60,884,12
8474681,68,7,15,22,-2,2,2,2,0,78,1205,14
8479414,50,3,6,9,-2,1,1,1,0,39,780,29
8474130,1,0,0,0,-1,0,0,0,0,0,16,0
8479400,73,27,36,63,5,11,11,1,0,205,1609,77
8478078,6,0,0,0,0,0,0,0,0,8,101,0
8479366,30,2,4,6,-4,0,0,0,0,18,399,8
8474642,53,3,6,9,1,0,0,1,0,56,839,36
8471276,70,16,40,56,23,4,4,2,0,112,1480,20
8471504,65,12,6,18,-19,2,2,2,1,111,1229,56
8471262,45,7,10,17,-5,4,4,1,0,61,822,18
8481813,34,2,1,3,-6,0,0,1,0,24,567,10
8478508,61,6,7,13,0,0,0,2,0,63,922,35
8467428,55,0,4,4,-10,0,0,0,0,19,491,99
8470626,7,0,1,1,-3,0,0,0,0,5,105,2
8477149,7,0,2,2,-2,0,0,0,0,4,90,11
8473449,75,11,17,28,-7,1,1,3,0,150,1437,34
8471266,28,4,1,5,-5,0,0,0,0,33,292,10
8475766,75,9,2,11,-7,0,0,2,0,79,1267,123
8471514,62,7,23,30,-3,0,0,2,1,122,1320,15
8475772,2,0,0,0,-2,0,0,0,0,0,24,4
8473465,19,4,3,7,-5,1,1,1,0,23,292,6
8470144,29,1,5,6,-3,0,0,0,0,24,498,0
8470622,7,0,0,0,-4,0,0,0,0,6,137,4
8470636,3,0,0,0,1,0,0,0,0,2,36,2
8481624,65,15,11,26,2,0,0,2,0,107,1258,16
8468086,9,1,0,1,-2,0,0,0,0,18,153,8
8471299,4,0,1,1,1,0,0,0,0,3,49,0
8481618,66,13,9,22,-16,1,1,3,0,91,1146,22
8475799,67,14,16,30,17,2,2,2,0,123,1279,24
8467389,68,10,18,28,4,4,4,1,0,164,1302,8
8478040,16,0,0,0,-3,0,0,0,0,9,222,7
8468535,64,8,8,16,-5,2,2,2,0,91,1363,34
8477415,50,6,6,12,-4,0,0,0,0,73,790,8
8477401,9,1,1,2,2,0,0,0,0,6,107,14
8471716,49,0,3,3,-14,0,0,0,0,40,769,25
8450900,30,4,3,7,-11,2,2,1,0,32,483,27
8474646,58,1,3,4,-19,0,0,0,0,51,952,16
8479362,3,0,0,0,-1,0,0,0,0,1,33,0
8477429,56,10,13,23,4,0,0,2,0,67,1100,8
8479404,52,4,3,7,-14,0,0,0,0,41,799,22
8476910,8,0,3,3,1,0,0,0,0,9,128,2
8481426,10,0,0,0,-4,0,0,0,0,8,150,0
8465978,50,2,2,4,-7,0,0,0,0,42,565,67
8474685,18,0,3,3,-2,0,0,0,0,26,327,6
8482113,66,15,26,41,17,2,2,1,0,123,1513,30
8474849,35,1,3,4,4,0,0,0,0,28,657,37
8474691,2,0,1,1,0,0,0,0,0,0,32,0
8476086,2,0,0,0,-1,0,0,0,0,0,22,7
8471676,33,7,7,14,-14,1,1,0,0,73,615,27
8474068,23,1,3,4,-5,0,0,0,0,21,257,4
8481591,3,0,1,1,-3,0,0,0,0,2,40,2
8481585,17,1,0,1,-7,0,0,0,0,21,249,2
8477213,53,5,1,6,-14,0,0,0,0,49,967,14
8470232,4,0,1,1,0,0,0,0,0,1,31,7
8474040,48,8,6,14,-4,1,1,2,0,78,789,13
8468482,6,0,0,0,-3,0,0,0,0,8,92,0
8473908,48,4,3,7,-4,0,0,1,0,31,494,68
8480880,42,3,5,8,-6,0,0,1,0,30,563,33
8476870,1,0,0,0,0,0,0,0,0,0,5,0
8471689,9,0,1,1,-1,0,0,0,0,7,117,4
8470597,56,16,6,22,5,1,1,1,0,135,933,22
8471851,57,5,7,12,-15,2,2,2,1,110,1105,26
8476858,51,5,5,10,-1,0,0,1,0,52,894,36
8479996,55,6,13,19,-4,1,1,1,0,83,1087,12
8471312,1,0,0,0,-1,0,0,0,0,0,20,0
8471474,6,0,0,0,1,0,0,0,0,10,99,0
8475160,2,0,1,1,1,0,0,0,0,2,24,2
8473511,7,1,1,2,-1,0,0,0,0,6,107,2
8470018,39,1,1,2,-12,0,0,1,0,29,527,4
8478444,59,18,20,38,-25,7,7,2,0,112,1287,16
8476469,65,11,14,25,-3,0,0,1,0,95,1171,16
8479772,30,2,1,3,-4,0,0,1,0,17,297,57
8477987,65,23,28,51,-11,3,3,2,0,147,1166,37
8476455,51,30,29,59,27,7,7,5,1,150,1201,78
8477993,21,2,6,8,6,0,0,0,0,9,307,11
8469575,50,3,3,6,-8,1,1,0,0,57,866,26
8482259,58,17,11,28,4,3,3,4,0,127,1063,18
8478493,42,9,15,24,5,3,3,1,0,123,861,20
8480328,4,1,0,1,-2,0,0,0,0,7,72,2
8479941,45,7,8,15,-7,0,0,1,0,68,874,12
8459461,39,4,7,11,-5,0,0,0,0,43,679,12
8476482,7,0,0,0,-2,0,0,0,0,8,96,0
8477944,30,8,4,12,5,4,4,3,0,37,400,6
8479969,5,0,0,0,-2,0,0,0,0,3,75,0
8480314,4,0,0,0,-2,0,0,0,0,3,50,0
8483609,14,1,0,1,0,0,0,0,0,16,167,15
8484166,66,21,21,42,-3,2,2,1,0,148,1311,14
8475820,75,2,20,22,-10,0,0,0,0,89,1484,14
8477951,66,16,35,51,-13,6,6,1,0,149,1514,8
8479968,13,2,1,3,-2,0,0,0,0,22,220,4
8476483,68,31,28,59,-18,6,6,1,1,171,1605,10
8470794,82,28,49,77,42,13,13,2,0,184,1799,8
8475834,29,1,4,5,-5,0,0,0,0,26,489,16
8478486,3,0,0,0,0,0,0,0,0,2,27,0
8468695,28,4,4,8,-2,1,1,1,0,44,500,8
8477979,53,4,8,12,1,0,0,0,0,67,815,50
8481751,2,1,1,2,2,0,0,0,0,3,30,0
8475808,32,0,5,5,-4,0,0,0,0,31,545,14
8470970,4,0,0,0,-1,0,0,0,0,5,42,0
8476454,65,16,23,39,0,6,6,4,1,128,1378,22
8476440,34,3,1,4,-1,0,0,1,0,26,520,14
8475149,58,6,18,24,-5,1,1,1,0,94,1036,6
8477038,31,4,6,10,-12,0,0,0,0,72,554,2
8476326,62,6,6,12,6,0,0,0,0,71,971,43
8477010,21,2,3,5,-3,0,0,1,0,12,260,10
8476468,57,16,37,53,-3,4,4,2,1,108,1411,45
8478445,30,6,14,20,10,1,1,1,0,78,648,4
8473504,49,6,6,12,9,0,0,1,0,44,983,30
8475175,80,11,8,19,-14,0,0,1,0,119,1516,6
8470596,36,5,14,19,-3,2,2,2,0,48,698,24
8478874,65,16,7,23,11,3,3,3,0,80,1037,10
8474096,58,3,10,13,-2,0,0,0,0,53,1250,24
8476871,64,11,13,24,5,0,0,2,0,90,1020,4
8481553,65,10,22,32,-9,2,2,2,0,91,1281,18
8468483,46,11,10,21,2,3,3,0,0,80,870,24
8474727,40,2,2,4,-7,0,0,0,0,30,712,4
8471887,22,1,2,3,-4,0,0,1,0,40,294,13
8478109,45,11,11,22,11,6,6,3,0,79,788,12
8472424,16,1,1,2,-8,1,1,0,0,12,281,6
8479571,5,1,0,1,-2,0,0,0,0,3,67,12
8465170,60,7,9,16,0,1,1,1,0,72,1152,10
8480842,2,0,0,0,0,0,0,0,0,0,31,0
8473712,27,0,0,0,-2,0,0,0,0,4,189,77
8471663,1,0,0,0,0,0,0,0,0,1,10,0
8455919,18,2,0,2,-1,0,0,1,0,11,285,8
8459064,6,0,0,0,-2,0,0,0,0,6,67,2
8482660,52,21,24,45,-4,3,3,4,0,97,1041,14
8477399,2,0,0,0,0,0,0,0,0,3,23,0
8465951,29,4,6,10,0,0,0,0,0,24,535,13
8476905,66,11,35,46,-9,1,1,1,0,63,1487,22
8478928,45,0,3,3,-3,0,0,0,0,41,646,24
8481433,3,0,0,0,-2,0,0,0,0,2,42,2
8476911,3,0,0,0,-2,0,0,0,0,1,49,2
8479411,2,0,0,0,0,0,0,0,0,0,24,0
8478069,1,0,0,0,-1,0,0,0,0,1,15,5
8465992,4,1,1,2,0,0,0,0,0,2,34,7
8474121,27,1,1,2,1,0,0,0,0,17,317,17
8477428,2,0,0,0,-1,0,0,0,0,1,22,0
8468508,20,8,3,11,2,2,2,2,0,60,345,6
8477366,14,1,0,1,-5,0,0,0,0,11,185,5
8468252,19,0,3,3,4,0,0,0,0,1,140,105
8471703,72,14,14,28,2,3,3,2,0,104,1276,238
8480275,1,0,0,0,0,0,0,0,0,0,12,0
8476285,5,0,1,1,-1,0,0,0,0,3,67,0
8459514,19,0,2,2,2,0,0,0,0,10,195,16
8470838,1,0,0,0,0,0,0,0,0,1,12,0
8482476,51,10,7,17,-3,3,3,0,0,55,774,18
8475798,66,16,38,54,-5,5,5,2,0,144,1460,26
8479613,1,0,0,0,-1,0,0,0,0,0,10,0
8478519,64,22,25,47,24,3,3,2,0,129,1488,22
8471273,61,6,8,14,-16,0,0,0,0,63,1178,36
8475767,13,1,1,2,-1,0,0,1,0,19,189,0
8472008,4,1,0,1,1,0,0,1,0,5,61,0
8473466,65,9,7,16,-16,0,0,1,0,60,948,84
8470609,4,0,0,0,-2,0,0,0,0,4,53,0
8476278,52,5,8,13,0,0,0,0,0,56,871,10
8475765,65,9,18,27,-13,1,1,1,0,118,1305,6
8467361,75,5,7,12,-3,0,0,2,0,51,1201,8
8471265,1,0,0,0,-1,0,0,0,0,1,11,0
8467407,20,2,5,7,-1,1,1,1,0,42,331,2
8476522,2,0,0,0,-1,0,0,0,0,4,28,2
8470153,28,4,5,9,-9,1,1,1,0,51,504,12
8470635,16,1,0,1,-4,0,0,0,0,6,162,2
8470621,65,14,8,22,10,1,1,3,0,77,926,38
8476536,1,0,0,0,0,0,0,0,0,1,9,0
8468085,42,5,9,14,-7,2,2,0,0,88,804,16
8457261,40,0,1,1,-5,0,0,0,0,26,403,66
8482460,32,2,3,5,6,0,0,0,0,23,383,52
8476293,6,1,1,2,1,0,0,0,0,8,96,2
8478057,41,4,4,8,-10,1,1,0,0,31,798,24
8477402,65,13,33,46,6,2,2,1,0,124,1460,23
8477416,66,17,21,38,-2,4,4,2,0,130,1181,14
8478043,47,2,3,5,-11,0,0,0,0,38,687,22
8474679,64,9,13,22,-23,1,1,0,0,82,1427,12
8479375,4,0,1,1,1,0,0,0,0,0,40,0
8474137,3,0,0,0,0,0,0,0,0,0,32,0
8479407,68,19,60,79,10,4,4,1,0,151,1585,14
8476913,44,1,3,4,-6,0,0,0,0,30,489,4
8482110,68,15,13,28,7,3,3,2,0,110,1520,12
8472368,19,4,1,5,-3,0,0,0,0,17,291,2
8474719,23,1,2,3,-8,1,1,0,0,21,319,6
8477210,9,1,2,3,1,0,0,0,0,13,144,4
8480840,59,3,10,13,1,0,0,0,0,33,964,6
8481592,35,4,9,13,6,0,0,1,0,39,564,6
8465166,70,1,6,7,-1,0,0,1,0,51,995,44
8478137,39,1,5,6,-5,1,1,0,0,49,607,16
8471675,67,23,50,73,-21,8,8,6,3,186,1636,25
8475413,43,2,3,5,-3,0,0,0,0,25,624,4
8470543,56,5,5,10,-7,0,0,1,0,44,747,23
8471885,9,2,0,2,-1,0,0,2,0,7,150,0
8470225,31,1,3,4,-3,0,0,0,0,26,375,10
8479573,5,0,0,0,0,0,0,0,0,4,48,0
8474731,8,0,1,1,-2,0,0,0,0,6,104,2
8476873,45,8,5,13,3,0,0,0,0,49,825,17
8459648,28,3,13,16,3,1,1,0,0,53,586,0
8476867,7,0,0,0,-4,0,0,0,0,5,86,4
8481237,64,3,5,8,-12,0,0,0,0,48,884,10
8470580,35,1,1,2,-8,0,0,1,0,41,551,14
8477589,8,0,0,0,-1,0,0,0,0,6,128,6
8482070,60,12,5,17,-1,4,4,2,0,62,942,19
8474094,30,0,3,3,1,0,0,0,0,39,432,4
8482702,63,10,21,31,6,2,2,5,0,157,1185,6
8475163,20,6,3,9,-8,5,5,0,0,25,314,6
8473512,66,14,29,43,-1,4,4,3,0,123,1745,16
8479981,30,3,0,3,-5,0,0,2,0,28,357,31
8478447,9,1,2,3,-2,0,0,0,0,7,153,0
8471477,2,0,1,1,1,0,0,0,0,0,25,0
8477006,1,0,0,0,1,0,0,0,0,0,9,4
8471311,50,3,13,16,-14,1,1,0,0,72,909,14
8476456,65,25,24,49,-9,9,9,5,1,123,1568,34
8471339,52,7,10,17,7,1,1,3,0,76,845,14
8470741,13,0,1,1,-6,0,0,0,0,12,166,0
8470755,44,4,4,8,-1,0,0,1,0,31,682,35
8476442,31,1,2,3,-8,0,0,0,0,30,548,2
8479942,8,0,1,1,-1,0,0,0,0,5,103,15
8480459,65,18,14,32,3,2,2,3,0,99,1485,10
8449895,73,16,17,33,-12,4,4,3,0,151,1663,40
8476495,1,0,0,0,1,0,0,0,0,0,9,0
8477953,51,6,5,11,-17,0,0,2,0,51,734,12
8475836,1,0,0,0,-2,0,0,0,0,1,17,0
8477947,66,14,20,34,-9,5,5,3,0,94,1257,10
8448208,22,1,6,7,6,0,0,0,0,32,350,10
8477946,67,27,32,59,-5,13,13,2,0,207,1570,38
8476480,63,11,20,31,19,2,2,1,0,78,1241,34
8477952,44,8,8,16,-6,0,0,0,0,65,857,20
8478485,2,0,0,0,-1,0,0,0,0,0,20,2
8471338,60,6,5,11,-5,0,0,0,0,55,1059,30
8470740,2,0,0,0,-1,0,0,0,0,0,21,0
8475638,2,0,0,0,0,0,0,0,0,3,27,2
8471476,81,6,17,23,5,0,0,0,0,82,1478,27
8471310,10,1,0,1,-6,0,0,0,0,8,142,2
8479994,46,7,5,12,-11,0,0,2,0,54,655,2
8478446,3,0,0,0,-1,0,0,0,0,3,39,0
8474095,3,0,0,0,-1,0,0,0,0,1,35,0
8471853,9,0,0,0,-2,0,0,0,0,6,125,20
8470595,72,14,15,29,-5,0,0,1,0,106,1403,26
8482703,23,2,5,7,-2,0,0,0,0,25,353,17
8467943,71,9,14,23,-7,2,2,2,0,125,1343,14
8481550,9,0,0,0,-2,0,0,0,0,12,126,0
8476866,2,0,0,0,0,0,0,0,0,0,13,0
8476872,64,11,16,27,-19,0,0,1,0,108,1314,28
8470230,12,0,0,0,-2,0,0,0,0,11,207,0
8472355,52,2,1,3,-3,0,0,0,0,44,560,16
8474042,10,1,0,1,-5,0,0,0,0,7,154,15
8478888,1,0,0,0,-1,0,0,0,0,3,19,0
8480855,66,12,8,20,3,0,0,1,0,71,1302,61
8480060,35,7,2,9,-8,3,3,2,0,33,548,10
8450725,81,14,34,48,13,6,6,6,1,132,1625,35
8474693,8,1,1,2,-3,0,0,0,0,8,155,6
8480074,27,4,5,9,-3,0,0,0,0,45,435,8
8471728,1,0,0,0,0,0,0,0,0,1,7,0
8469629,17,1,1,2,-2,0,0,0,0,9,184,4
8477417,3,0,1,1,-1,0,0,0,0,0,52,2
8478042,51,8,12,20,2,0,0,0,0,114,914,16
8471700,6,1,0,1,1,0,0,1,0,3,44,22
8478056,9,0,1,1,-3,0,0,0,0,8,111,6
8475214,43,2,4,6,1,0,0,0,0,73,630,28
8468523,9,1,2,3,3,0,0,0,0,8,152,6
8476292,66,13,12,25,-3,2,2,3,0,85,1301,12
8482475,26,7,7,14,-6,2,2,1,0,61,502,4
8477832,1,0,0,0,0,0,0,0,0,2,15,0
8480276,4,0,1,1,-3,0,0,0,0,5,53,0
8481626,18,2,2,4,-1,0,0,0,0,23,282,6
8475980,8,0,0,0,-4,0,0,0,0,7,105,0
8475758,53,4,5,9,-19,0,0,0,0,76,975,12
8470620,62,9,8,17,10,1,1,0,0,114,1041,18
8481815,1,0,0,0,0,0,0,0,0,2,9,0
8470152,53,4,6,10,-15,2,2,0,0,61,822,12
8478268,6,0,0,0,0,0,0,0,0,2,54,0
8473473,77,7,12,19,-13,0,0,0,0,73,1234,43
8479638,62,10,10,20,-7,4,4,2,0,79,1089,16
8467412,42,4,5,9,-1,0,0,1,0,51,760,14
8480289,59,6,3,9,5,0,0,0,0,72,892,14
8475770,3,0,0,0,1,0,0,0,0,0,45,2
8471516,2,0,0,0,-1,0,0,0,0,1,23,2
8470608,60,11,16,27,-17,3,3,1,0,104,1103,12
8469464,66,2,3,5,-5,0,0,0,0,62,1065,14
8478569,69,4,6,10,-20,0,0,0,0,69,1324,16
8470647,55,3,7,10,-2,0,0,1,0,60,812,79
8471217,4,1,0,1,2,0,0,0,0,5,66,4
8477666,6,1,1,2,0,0,0,0,0,7,89,2
8478233,82,17,26,43,12,2,2,1,0,182,1866,40
8478541,44,4,3,7,-5,0,0,1,0,52,599,2
8480205,10,0,1,1,0,0,0,0,0,11,128,0
8481655,40,0,7,7,2,0,0,0,0,31,534,0
8481133,1,0,0,0,0,0,0,0,0,1,13,2
8481641,67,15,6,21,13,0,0,2,0,72,1260,16
8476020,2,0,0,0,0,0,0,0,0,0,28,2
8477458,15,1,3,4,-2,1,1,0,0,19,224,6
8469666,28,4,9,13,-1,1,1,0,0,43,455,2
8469672,12,0,0,0,-4,0,0,0,0,8,116,43
8462041,60,4,5,9,3,0,0,2,0,52,945,41
8477464,10,1,2,3,0,0,0,0,0,10,145,2
8480946,48,9,6,15,-3,0,0,2,1,69,758,2
8473616,5,0,0,0,0,0,0,0,0,5,73,0
8471767,4,0,0,0,-4,0,0,0,0,0,44,2
8474192,9,0,0,0,0,0,0,0,0,6,93,4
8467844,45,7,5,12,-4,2,2,3,0,109,791,6
8480007,20,1,2,3,2,0,0,0,0,25,323,0
8467878,70,13,23,36,-14,2,2,3,2,104,1587,40
8476975,24,0,2,2,-6,0,0,0,0,16,341,25
8474025,6,0,1,1,-3,0,0,0,0,10,103,0
8473986,66,15,13,28,5,0,0,5,1,108,1433,28
8470257,55,7,10,17,7,0,0,0,0,71,1079,12
8475461,4,1,2,3,-1,0,0,0,0,9,87,0
8477510,2,0,0,0,-1,0,0,0,0,1,26,0
8470280,7,0,1,1,1,0,0,0,0,4,82,2
8470294,12,0,0,0,-4,0,0,0,0,5,93,33
8458530,82,24,22,46,-10,8,8,0,0,215,1796,57
8478838,6,1,0,1,-3,0,0,0,0,10,96,0
8481523,57,10,12,22,-29,1,1,2,0,84,994,40
8473548,82,14,22,36,-7,2,2,0,0,149,1363,30
8470041,71,21,13,34,-12,5,5,2,0,230,1725,28
8476430,8,0,1,1,0,0,0,0,0,11,104,0
8476356,44,5,2,7,-9,0,0,0,0,63,748,2
8475893,2,0,1,1,-1,0,0,0,0,0,25,0
8478409,13,3,2,5,2,0,0,1,0,13,174,6
8478421,67,6,11,17,3,0,0,3,0,71,954,96
8475105,47,4,9,13,-6,1,1,0,0,78,742,4
8473574,27,1,2,3,-1,0,0,0,0,26,454,10
8471411,4,0,1,1,-1,0,0,0,0,4,55,2
8474569,9,0,4,4,6,0,0,0,0,12,150,0
8475677,4,0,0,0,-3,0,0,0,0,4,63,0
8468626,35,1,0,1,-5,0,0,0,0,9,232,80
8477935,65,22,23,45,-7,6,6,3,0,210,1444,80
8474582,15,1,0,1,-8,0,0,0,0,9,212,10
8475844,1,0,0,0,0,0,0,0,0,0,6,0
8476381,14,2,2,4,-5,2,2,0,0,25,246,6
8471388,42,0,3,3,-11,0,0,0,0,25,565,36
8464975,57,8,4,12,-7,0,0,3,1,69,915,18
8475878,16,0,1,1,0,0,0,0,0,12,208,2
8464960,23,6,5,11,3,0,0,0,0,41,399,2
8482201,44,4,8,12,2,1,1,1,0,41,746,8
8477934,66,49,51,100,29,15,15,10,5,221,1455,34
8475845,4,1,1,2,1,0,0,0,0,5,64,0
8476419,62,12,22,34,10,2,2,1,0,101,1382,23
8467514,66,16,33,49,7,8,8,1,1,181,1582,14
8478434,67,12,14,26,5,0,0,3,0,75,1181,46
8471362,58,9,16,25,3,1,1,2,1,83,1077,33
8478420,65,29,44,73,9,10,10,6,0,183,1512,40
8474554,2,0,1,1,2,0,0,0,0,2,25,17
8476425,13,0,0,0,-2,0,0,0,0,5,147,21
8458525,70,7,17,24,-5,1,1,2,0,151,1294,14
8481522,64,5,12,17,-7,0,0,0,0,58,1265,52
8478839,9,2,2,4,2,0,0,0,0,15,134,0
8473944,2,0,1,1,1,0,0,0,0,0,20,0
8470295,1,0,0,0,0,0,0,0,0,0,12,0
8482765,3,0,0,0,-2,0,0,0,0,2,46,0
8467925,80,4,5,9,-15,0,0,0,0,61,1291,23
8480833,44,4,4,8,3,1,1,0,0,43,635,10
8477505,63,8,23,31,-14,3,3,2,2,65,1327,10
8477511,13,4,3,7,6,1,1,1,0,15,217,11
8474018,24,6,4,10,-4,2,2,0,0,23,357,8
8469707,67,13,15,28,-18,4,4,2,0,123,1312,35
8479514,46,6,9,15,-15,1,1,1,1,30,723,22
8474030,2,0,0,0,-1,0,0,0,0,2,30,0
8474024,10,0,1,1,-1,0,0,0,0,11,129,0
8476974,2,0,0,0,-3,0,0,0,0,2,18,10
8480748,62,14,13,27,2,0,0,4,0,110,1260,31
8476960,28,2,7,9,-7,0,0,0,0,44,456,7
8476948,9,0,0,0,-2,0,0,0,0,18,131,2
8482177,61,4,5,9,-6,0,0,0,0,32,885,14
8471941,6,0,2,2,1,0,0,0,0,4,79,5
8480012,60,15,26,41,-10,7,7,1,0,107,1340,14
8459001,52,4,2,6,1,0,0,0,0,43,821,32
8475266,7,0,1,1,-1,0,0,0,0,2,82,2
8481481,50,9,8,17,0,1,1,0,0,41,900,24
8471766,10,1,0,1,0,0,0,0,0,4,73,16
8471996,2,0,0,0,-1,0,0,0,0,3,31,2
8474150,64,11,13,24,0,1,1,3,0,146,1532,28
8481640,1,0,0,0,-1,0,0,0,0,1,16,4
8460496,72,10,13,23,-18,5,5,1,0,129,1560,44
8481683,6,1,0,1,-2,0,0,0,0,4,82,2
8469459,7,1,1,2,-2,0,0,0,0,3,120,2
8470120,15,1,3,4,1,0,0,0,0,18,254,12
8476545,2,0,0,0,0,0,0,0,0,0,16,0
8469473,74,3,6,9,-3,0,0,0,0,77,1320,8
8470644,3,1,0,1,1,0,0,0,0,5,37,0
8467338,70,8,27,35,8,1,1,1,0,71,1432,32
8476235,60,5,11,16,3,0,0,1,0,54,1023,20
8475728,62,6,12,18,8,0,0,0,0,60,1226,26
8474436,2,0,0,0,-1,0,0,0,0,6,25,0
8469467,33,2,0,2,1,0,0,2,0,37,504,15
8471228,71,4,18,22,-20,1,1,2,0,92,1279,30
8477881,4,0,0,0,1,0,0,0,0,2,65,2
8478542,67,14,13,27,0,3,3,1,0,137,1350,32
8478224,3,0,1,1,0,0,0,0,0,0,44,2
8476209,18,3,1,4,-2,1,1,0,0,29,300,4
8475714,5,1,1,2,0,1,1,0,0,4,99,2
8479648,47,4,2,6,-2,0,0,1,0,41,682,8
8470687,1,0,0,0,0,0,0,0,0,1,11,7
8481642,2,0,0,0,0,0,0,0,0,1,17,0
8470877,75,11,7,18,-7,1,1,2,0,84,1426,10
8468786,15,0,0,0,0,0,0,0,0,7,92,24
8479304,1,1,0,1,0,0,0,1,0,2,20,0
8462042,80,14,13,27,-30,7,7,4,1,153,1558,70
8474146,13,2,7,9,8,0,0,0,0,12,141,7
8474634,26,1,3,4,-4,0,0,1,0,14,354,2
8471764,8,1,0,1,-2,0,0,0,0,8,145,0
8482834,14,0,4,4,4,0,0,0,0,10,188,6
8477473,59,5,9,14,-15,0,0,0,0,70,971,6
8475264,3,1,0,1,-1,0,0,0,0,2,41,0
8480789,32,2,4,6,-6,1,1,0,0,41,500,8
8482175,61,19,32,51,-1,4,4,3,0,136,1347,26
8480762,67,13,16,29,14,0,0,1,0,91,1040,10
8480776,1,0,0,0,-2,0,0,0,0,0,12,0
8482149,67,13,27,40,17,5,5,2,0,113,1232,14
8468584,1,0,0,0,0,0,0,0,0,2,20,2
8477249,6,0,0,0,-1,0,0,0,0,3,87,0
8460735,70,17,16,33,2,3,3,4,1,153,1437,46
8476619,23,3,2,5,-2,1,1,1,0,17,346,4
8475310,7,0,2,2,3,0,0,0,0,11,88,11
8480825,13,1,0,1,-2,0,0,0,0,12,158,0
8475304,5,0,0,0,-2,0,0,0,0,6,74,4
8478146,26,1,3,4,-8,0,0,1,0,27,512,6
8466378,74,21,31,52,12,5,5,1,0,144,1691,20
8466393,18,2,2,4,-1,0,0,0,0,28,393,12
8470283,30,0,3,3,-3,0,0,0,0,23,442,8
8480164,5,0,1,1,0,0,0,0,0,3,98,0
8483445,66,12,20,32,3,2,2,2,1,140,1159,14
8481534,9,0,0,0,-4,0,0,0,0,10,126,2
8476427,50,4,7,11,-2,0,0,1,0,84,761,4
8474230,4,0,0,0,-1,0,0,0,0,0,38,5
8479066,63,1,7,8,-2,0,0,0,0,53,772,55
8464989,71,7,13,20,6,0,0,2,0,87,1307,14
8478436,1,0,0,0,0,0,0,0,0,0,15,0
8481093,45,2,8,10,-2,0,0,0,0,26,735,6
8467502,26,4,2,6,-7,1,1,2,0,62,438,8
8471360,8,3,1,4,-1,2,2,0,0,11,139,4
8477922,61,6,6,12,-7,0,0,0,0,56,1115,20
8476396,2,0,0,0,0,0,0,0,0,0,27,0
8477936,1,0,0,0,1,0,0,0,0,2,18,0
8473588,6,1,0,1,-2,0,0,0,0,10,115,2
8479933,40,11,1,12,-6,1,1,0,0,53,749,18
8478393,2,0,0,0,-2,0,0,0,0,1,24,0
8464977,50,3,4,7,4,0,0,0,0,33,873,20
8477937,38,5,0,5,-4,1,1,1,0,50,760,41
8477923,1,0,0,0,-1,0,0,0,0,0,8,0
8477076,9,0,1,1,0,0,0,0,0,4,90,5
8470719,24,2,2,4,1,0,0,1,0,21,301,21
8475661,14,1,3,4,-4,0,0,0,0,14,208,9
8473562,1,0,0,0,0,0,0,0,0,0,12,0
8466147,1,0,0,0,0,0,0,0,0,1,16,2
8476432,10,0,9,9,0,0,0,0,0,19,206,0
8474225,1,0,0,0,0,0,0,0,0,0,8,0
8469506,73,16,15,31,-4,1,1,3,0,134,1232,4
8481535,62,5,13,18,5,0,0,1,0,74,1061,30
8476195,4,0,1,1,-2,0,0,0,0,5,66,4
8466392,18,1,1,2,-2,0,0,0,0,11,192,2
8477512,8,0,0,0,-1,0,0,0,0,4,137,0
8468432,29,4,6,10,-2,1,1,1,0,31,477,6
8483493,38,6,10,16,-8,0,0,1,0,58,710,22
8478147,12,0,0,0,1,0,0,0,0,5,95,9
8480830,63,18,25,43,-8,9,9,2,0,167,1261,53
8460720,6,0,0,0,-3,0,0,0,0,3,88,2
8476624,63,4,3,7,-32,0,0,0,0,62,1144,64
8483524,64,15,23,38,2,7,7,2,0,69,1106,16
8480039,67,22,50,72,8,9,9,8,0,163,1339,14
8474190,18,0,2,2,1,0,0,0,0,9,209,49
8480011,34,1,6,7,-5,0,0,0,0,28,494,27
8471956,46,0,1,1,-6,0,0,0,0,46,607,22
8480005,53,2,1,3,-8,0,0,0,0,43,663,6
8477466,5,0,1,1,-1,0,0,0,0,7,82,2
8473600,2,0,0,0,0,0,0,0,0,0,15,0
8474609,3,0,0,0,0,0,0,0,0,0,31,4
8478027,20,0,3,3,-4,0,0,0,0,11,319,6
8479339,36,16,11,27,-10,13,13,4,1,82,569,10
8480944,1,0,0,0,0,0,0,0,0,0,17,0
8474153,17,2,3,5,-3,1,1,0,0,35,267,6
8469664,32,2,7,9,-3,0,0,0,0,82,674,12
8482809,67,11,12,23,8,3,3,5,0,111,1102,30
8468208,52,5,7,12,-2,0,0,2,0,40,942,20
8469670,28,4,4,8,0,0,0,0,0,50,484,10
8470321,10,0,1,1,-1,0,0,0,0,14,145,0
8470876,31,1,2,3,-5,0,0,0,0,19,325,85
8481657,1,0,0,0,0,0,0,0,0,3,14,0
8475098,50,3,9,12,-11,0,0,1,0,46,836,14
8475715,55,9,11,20,4,0,0,0,0,91,896,28
8471215,59,13,31,44,-20,3,3,3,1,102,1268,40
8467463,26,1,2,3,-4,0,0,0,0,36,361,6
8470651,15,2,1,3,-7,2,2,0,0,7,253,10
8468778,1,0,0,0,0,0,0,0,0,0,10,0
8446485,47,6,5,11,1,0,0,1,0,57,784,12
8469466,7,0,0,0,-1,0,0,0,0,5,98,10
8471229,56,3,4,7,-6,0,0,1,0,37,706,37
8479675,56,13,17,30,8,1,1,1,0,113,1210,8
8470123,24,3,0,3,3,0,0,0,0,11,195,22
8479661,62,5,4,9,-3,0,0,1,0,49,859,82
8473412,7,2,3,5,4,0,0,1,1,13,168,2
8481690,2,1,0,1,-2,0,0,0,0,5,31,0
8475739,5,0,0,0,0,0,0,0,0,5,66,0
8470899,3,0,0,0,-1,0,0,0,0,2,34,9
8469462,33,0,1,1,-7,0,0,0,0,34,503,8
8479671,66,15,10,25,-5,0,0,4,0,91,1231,120
8470655,15,3,1,4,-4,0,0,1,0,30,289,4
8467329,49,10,8,18,0,6,6,0,0,67,929,22
8477847,6,0,0,0,-1,0,0,0,0,4,86,2
8477476,55,27,14,41,31,1,1,5,0,118,1295,24
8480798,43,6,4,10,-29,1,1,1,1,48,726,14
8468224,15,3,0,3,2,0,0,1,0,15,151,21
8480954,2,0,0,0,-2,0,0,0,0,0,21,0
8473604,53,15,16,31,-31,9,9,1,1,87,1151,43
8474143,1,0,0,0,0,0,0,0,0,0,12,0
8467881,56,4,1,5,-24,1,1,1,0,52,890,20
8474625,33,3,6,9,-2,1,1,2,0,37,491,6
8479315,38,6,3,9,-8,0,0,1,0,41,629,0
8474157,37,5,8,13,-2,0,0,1,0,70,674,16
8480029,79,18,14,32,-13,0,0,1,0,162,1638,59
8457981,64,9,18,27,8,4,4,3,0,111,1109,12
8480015,63,19,17,36,-11,0,0,2,1,157,1355,14
8477502,20,1,0,1,-7,0,0,1,0,14,310,37
8479249,2,0,2,2,-1,0,0,0,0,4,26,0
8483497,2,1,0,1,0,1,1,0,0,4,32,0
8474037,59,14,16,30,-5,1,1,2,0,70,964,16
8473994,65,16,24,40,4,1,1,4,1,112,1370,60
8458536,62,8,9,17,-1,1,1,2,0,87,1182,40
8471832,1,0,0,0,-1,0,0,0,0,3,15,2
8483468,49,12,7,19,-1,0,0,3,1,105,992,14
8475671,60,8,4,12,-16,1,1,1,0,92,917,17
8471371,58,2,3,5,-5,0,0,0,0,51,720,90
8478427,66,25,39,64,4,3,3,8,5,173,1468,42
8471365,7,0,0,0,-2,0,0,0,0,6,103,0
8476344,14,3,1,4,-3,1,1,0,0,17,194,6
8470735,4,0,0,0,0,0,0,0,0,2,31,0
8470047,38,6,9,15,-1,0,0,1,0,25,726,12
8479705,4,0,0,0,0,0,0,0,0,4,56,2
8476436,76,6,11,17,6,0,0,0,0,124,1277,14
8464967,31,0,5,5,-3,0,0,0,0,34,508,4
8477933,67,32,38,70,12,10,10,4,0,175,1658,27
8475842,67,6,12,18,2,0,0,2,1,68,1133,52
8476393,47,5,8,13,-2,0,0,0,0,63,859,39
8476392,59,14,15,29,18,0,0,4,1,80,1288,28
8466181,2,0,0,0,-2,0,0,0,0,2,43,2
8481068,57,12,11,23,-10,5,5,1,0,104,1205,6
8476386,14,1,1,2,-3,0,0,0,0,20,203,11
8482207,1,0,0,0,-2,0,0,0,0,0,8,0
8481726,51,5,4,9,-5,0,0,2,0,40,690,27
8476437,47,9,12,21,4,0,0,1,0,58,710,2
8474220,16,2,3,5,-3,1,1,0,0,31,289,8
8460533,8,0,1,1,1,0,0,0,0,6,72,6
8460527,34,1,5,6,-2,0,0,1,0,25,592,8
8476345,24,2,5,7,6,0,0,2,0,33,392,8
8474552,5,0,1,1,-2,0,0,0,0,6,69,4
8476423,1,0,0,0,0,0,0,0,0,0,10,0
8473573,19,2,7,9,1,1,1,0,0,30,299,2
8475102,3,1,0,1,0,0,0,0,0,3,25,5
8468635,23,0,2,2,-3,0,0,0,0,12,292,21
8477073,21,0,0,0,-3,0,0,0,0,6,207,23
8471402,35,3,6,9,-4,0,0,0,0,23,580,4
8470708,10,0,0,0,-1,0,0,0,0,2,104,25
8478432,46,1,6,7,-6,0,0,0,0,31,716,11
8481518,4,1,0,1,-1,0,0,0,0,6,63,0
8473942,1,0,0,0,0,0,0,0,0,0,12,0
8467937,8,0,1,1,0,0,0,0,0,7,88,4
8458537,69,9,23,32,-6,3,3,0,0,124,1229,14
8476806,56,3,5,8,0,0,0,0,0,56,692,29
8481530,1,0,0,0,-1,0,0,0,0,1,11,0
8474744,8,0,2,2,0,0,0,0,0,4,126,2
8479512,6,1,0,1,-1,0,0,0,0,8,73,2
8475328,2,0,0,0,-1,0,0,0,0,1,27,0
8471628,9,0,1,1,-5,0,0,0,0,6,74,31
8476147,1,0,0,0,0,0,0,0,0,1,17,2
8480821,30,3,4,7,-5,0,0,2,0,51,485,10
8465113,4,0,0,0,-1,0,0,0,0,2,67,0
8480835,57,7,7,14,1,0,0,2,0,84,998,16
8475314,65,25,20,45,16,4,4,3,0,183,1350,29
8477503,58,5,21,26,2,0,0,1,0,78,1104,49
8460719,42,7,10,17,-12,4,4,1,0,61,827,24
8480014,67,27,34,61,12,12,12,6,0,123,1333,14
8467857,4,1,0,1,0,1,1,0,0,5,57,2
8474195,10,1,1,2,-3,0,0,0,0,9,152,2
8480028,64,13,17,30,-15,1,1,2,0,114,1262,22
8476966,3,0,1,1,-2,0,0,0,0,1,31,5
8482159,67,16,14,30,-10,4,4,1,0,107,1447,41
8479314,52,22,35,57,-3,11,11,2,0,156,1161,54
8479466,8,0,2,2,0,0,0,0,0,12,106,0
8478036,54,2,2,4,-21,0,0,0,0,36,758,2
8479328,27,5,4,9,-5,0,0,1,0,32,425,8
8473605,18,1,4,5,0,0,0,0,0,18,270,0
8465067,2,0,0,0,0,0,0,0,0,0,10,0
8475260,23,1,3,4,-5,0,0,0,0,15,304,0
8476769,3,0,0,0,0,0,0,0,0,4,43,17
8471760,9,0,0,0,-1,0,0,0,0,1,99,19
8477846,22,1,2,3,-5,0,0,0,0,17,287,10
8470697,30,0,0,0,-2,0,0,0,0,30,451,16
8480216,12,2,6,8,-12,2,2,0,0,21,258,4
8474383,6,0,0,0,-2,0,0,0,0,1,27,27
8470867,5,0,0,0,0,0,0,0,0,1,38,5
8478585,70,5,7,12,-3,0,0,0,0,52,1106,8
8476225,2,0,0,0,0,0,0,0,0,1,33,2
8470654,80,2,9,11,-15,0,0,0,0,86,1318,32
8475738,49,8,7,15,-8,2,2,2,0,86,865,14
8471238,63,13,13,26,-20,4,4,3,0,83,1049,16
8473407,3,0,0,0,-1,0,0,0,0,2,42,2
8476219,3,0,0,0,0,0,0,0,0,2,35,0
8467466,38,2,5,7,-4,0,0,1,0,51,537,8
8478550,65,29,42,71,-5,8,8,2,0,198,1384,16
8476227,4,1,0,1,-1,0,0,0,0,1,42,0
8477887,7,0,1,1,0,0,0,0,0,5,106,4
8469475,42,4,3,7,4,0,0,0,0,56,760,14
8470871,61,4,3,7,-6,0,0,0,0,45,862,6
8481650,37,2,3,5,5,0,0,0,0,23,508,2
8451101,15,2,10,12,-6,0,0,0,0,46,343,6
8474168,29,1,2,3,1,0,0,0,0,17,397,6
8477461,1,0,0,0,-2,0,0,0,0,2,17,0
8471762,81,6,9,15,-5,0,0,0,0,69,1372,16
8478020,56,9,12,21,5,1,1,1,0,66,1203,16
8465059,45,3,5,8,-3,0,0,0,0,35,697,31
8474154,3,0,0,0,-1,0,0,0,0,2,41,2
8479316,67,11,7,18,-24,0,0,0,0,100,1269,55
8477449,1,0,0,0,0,0,0,0,0,0,13,0
8467882,36,5,7,12,-7,1,1,1,0,52,637,20
8478949,1,0,0,0,0,0,0,0,0,2,12,0
8469844,19,1,2,3,-2,0,0,0,0,14,177,57
8480994,1,0,1,1,0,0,0,0,0,0,19,2
8480980,35,3,3,6,1,0,0,0,0,35,561,5
8478975,47,16,17,33,9,2,2,3,0,105,906,39
8462093,16,1,1,2,-3,0,0,0,0,10,253,2
8480002,62,28,24,52,10,12,12,2,0,164,1512,18
8462118,25,2,8,10,-7,0,0,1,0,50,482,29
8476179,3,0,0,0,-2,0,0,0,0,2,52,5
8477501,29,16,8,24,10,3,3,0,0,75,653,4
8474008,1,0,0,0,-1,0,0,0,0,0,8,0
8477529,11,1,0,1,-3,0,0,0,0,5,150,4
8473997,7,0,0,0,-2,0,0,0,0,8,100,4
8474034,58,4,12,16,-10,1,1,1,0,63,810,76
8479510,1,1,0,1,1,0,0,0,0,1,12,0
8482749,7,0,0,0,-3,0,0,0,0,7,109,2
8481532,60,7,14,21,5,0,0,1,0,72,940,16
8478424,48,2,4,6,-5,0,0,1,0,39,734,16
8476409,9,1,0,1,-1,0,0,0,0,12,129,4
8471372,2,0,0,0,0,0,0,0,0,0,19,2
8466140,62,4,6,10,6,0,0,1,0,110,1187,28
8476435,5,0,0,0,-2,0,0,0,0,4,79,0
8469501,1,0,0,0,0,0,0,0,0,0,3,0
8474236,4,0,0,0,0,0,0,0,0,3,43,17
8475896,1,0,0,0,0,0,0,0,0,0,13,0
8471428,1,0,0,0,0,0,0,0,0,1,6,0
8477059,17,2,5,7,-1,0,0,0,0,29,313,8
8481042,49,6,11,17,-8,3,3,0,0,41,812,16
8459429,72,17,17,34,13,6,6,3,0,142,1490,26
8483641,2,0,0,0,0,0,0,0,0,1,25,0
8474587,9,0,0,0,1,0,0,0,0,2,109,0
8476390,4,1,0,1,0,0,0,0,0,1,43,4
8477930,73,4,9,13,-9,0,0,0,0,51,1130,34
8471399,6,0,0,0,-3,0,0,0,0,6,79,0
8476384,5,0,0,0,-1,0,0,0,0,1,69,2
8475855,73,6,13,19,0,0,0,0,0,79,1298,16
8474592,15,1,2,3,-10,0,0,0,0,13,201,2
8476391,2,0,0,0,0,0,0,0,0,3,31,0
8474586,27,7,12,19,3,1,1,1,1,43,501,8
8477931,53,1,8,9,7,1,1,0,0,40,760,10
8477919,67,15,15,30,2,4,4,2,0,92,1230,6
8481043,59,9,5,14,6,0,0,2,0,68,959,12
8481725,21,3,6,9,1,0,0,1,0,29,375,4
8473558,18,0,2,2,-2,0,0,0,0,22,228,4
8469500,66,7,22,29,-3,3,3,0,0,128,1174,18
8470737,4,0,0,0,-1,0,0,0,0,5,48,0
8476346,81,12,48,60,-27,1,1,3,1,160,1675,22
8474551,58,0,15,15,-16,0,0,0,0,38,1022,10
8476352,17,1,2,3,1,0,0,0,0,23,260,0
8478431,59,8,6,14,-6,0,0,0,0,64,927,26
8473564,8,0,0,0,-3,0,0,0,0,14,115,0
8477070,27,0,2,2,1,0,0,0,0,31,380,50
8476805,1,0,0,0,0,0,0,0,0,1,12,0
8458520,2,0,0,0,-4,0,0,0,0,3,42,4
8481533,41,7,14,21,-8,1,1,1,0,75,793,17
8479511,57,6,11,17,-10,1,1,1,0,64,1111,10
8474035,1,0,0,0,-1,0,0,0,0,0,18,0
8480188,68,17,19,36,6,4,4,0,0,144,1292,10
8480836,3,0,0,0,0,0,0,0,0,0,26,0
8474009,62,10,9,19,-5,0,0,0,0,91,1395,28
8477500,64,21,23,44,5,3,3,5,2,194,1482,8
8468434,37,7,14,21,-2,1,1,2,0,86,941,16
8480822,36,4,4,8,-4,1,1,1,0,44,546,4
8480003,64,12,11,23,3,0,0,3,0,71,1240,14
8482172,18,2,1,3,-3,0,0,1,0,22,321,15
8476971,3,0,0,0,-1,0,0,0,0,2,54,0
8480995,54,6,9,15,0,0,0,0,0,58,969,25
8451302,34,6,8,14,-2,2,2,1,0,77,662,29
8474627,27,1,2,3,-7,0,0,0,0,17,389,33
8479465,4,0,0,0,-1,0,0,0,0,2,39,0
8477448,3,0,0,0,-1,0,0,0,0,2,32,2
8474141,57,17,29,46,-13,10,10,6,2,138,1144,12
8471763,10,0,2,2,-1,0,0,0,0,11,126,0
8475263,11,0,1,1,-4,0,0,0,0,16,123,2
8477460,38,4,8,12,-10,0,0,0,0,50,672,25
8459574,71,10,14,24,-3,3,3,1,0,73,1162,47
8480201,2,0,0,0,-1,0,0,0,0,0,33,0
8470680,10,0,0,0,-1,0,0,0,0,7,113,0
8469474,37,2,3,5,1,0,0,0,0,33,606,12
8466035,78,13,27,40,-2,4,4,1,0,123,1552,14
8470131,4,1,0,1,-1,0,0,0,0,1,65,0
8462535,1,0,0,0,0,0,0,0,0,0,10,0
