,name,player_id,icetime,goals,unblocked_shot_attempts,rebounds,freeze,on_goal,play_stopped,play_continued_in_zone,play_continued_outside_zone,low_danger_shots,medium_danger_shots,high_danger_shots,low_danger_goals,medium_danger_goals,high_danger_goals,blocked_shot_attempts
0,"Joseph, Curtis",8448382,2507.1,2.5,37.4,1.05,2.95,19.15,0.7,9.55,12.05,20.4,6.35,1.9,0.75,0.9,0.85,8.75
1,"Brodeur, Martin",8455710,3459.2751677852348,2.2885906040268456,43.29194630872483,1.4798657718120805,4.567114093959732,25.01006711409396,0.7516778523489933,9.533557046979864,14.56711409395973,25.124161073825505,6.134228187919463,1.8624161073825505,0.7785234899328859,0.8288590604026845,0.6812080536912751,10.171140939597317
2,"Osgood, Chris",8458568,3407.5625,2.8625,44.4875,1.475,5.425,25.8375,1.1375,11.025,13.3875,25.85,6.95,2.275,1.0625,0.85,0.95,9.4125
3,"Fernandez, Manny",8458988,3523.0,2.5357142857142856,48.392857142857146,1.8214285714285716,6.75,28.25,0.9642857142857144,10.535714285714286,15.607142857142858,27.821428571428573,7.464285714285714,2.571428571428572,0.8214285714285714,0.8214285714285714,0.8928571428571429,10.535714285714286
4,"Khabibulin, Nikolai",8459140,3431.680981595092,2.7423312883435584,52.9079754601227,1.98159509202454,4.96319018404908,29.12269938650307,0.7484662576687117,13.01840490797546,16.300613496932517,29.687116564417177,7.803680981595092,2.374233128834356,0.9877300613496932,0.8711656441717791,0.8834355828220859,13.042944785276074
5,"Legace, Manny",8459308,3067.736842105264,2.56140350877193,47.82456140350877,1.824561403508772,5.0,24.80701754385965,0.8947368421052632,11.543859649122806,13.807017543859647,28.035087719298247,5.771929824561403,1.824561403508772,1.0526315789473684,0.7719298245614035,0.7368421052631579,12.192982456140353
6,"Weekes, Kevin",8459463,2961.0625,2.0,43.1875,1.4375,5.375,24.9375,0.375,9.625,13.5,26.0,5.0,1.375,0.75,0.625,0.625,10.8125
7,"Lalime, Patrick",8459579,3188.425531914894,2.6595744680851063,48.04255319148936,1.5319148936170213,5.382978723404255,26.8936170212766,0.5319148936170213,12.638297872340424,14.212765957446807,28.425531914893615,6.659574468085107,2.148936170212766,0.9574468085106383,0.8936170212765957,0.8085106382978723,10.808510638297872
8,"Theodore, Jose",8460535,3369.970588235294,2.57843137254902,51.36274509803921,2.122549019607843,5.578431372549019,28.33333333333333,0.8480392156862745,12.784313725490197,14.970588235294118,29.07843137254902,7.490196078431373,2.3529411764705883,0.8284313725490197,0.8872549019607843,0.8627450980392157,12.441176470588236
9,"Turco, Marty",8460612,3456.2875,2.7375,51.85,2.0125,5.80625,28.03125,0.7875,12.8125,15.11875,30.25,6.83125,2.23125,0.8875,0.96875,0.88125,12.5375
10,"Thomas, Tim",8460703,3459.730769230769,2.261538461538461,52.11923076923077,1.765384615384615,7.523076923076923,29.78846153846154,0.9923076923076924,11.442307692307692,15.66153846153846,30.142307692307693,7.1923076923076925,2.076923076923077,0.7307692307692307,0.8115384615384615,0.7192307692307692,12.707692307692309
11,"Hedberg, Johan",8460704,3330.3375,2.49375,47.175,1.6125,6.19375,26.39375,0.6625,10.83125,13.69375,26.16875,7.40625,2.0,0.8,0.94375,0.75,11.6
12,"Nabokov, Evgeni",8460705,3482.3370786516853,2.45692883895131,52.68913857677903,2.0636704119850187,6.49063670411985,27.98501872659176,0.9775280898876404,11.782771535580524,15.599250936329588,29.756554307116104,7.220973782771535,2.1647940074906367,0.8277153558052435,0.8277153558052435,0.8014981273408239,13.546816479400748
13,"Vokoun, Tomas",8460712,3364.4372469635628,2.3562753036437245,55.57085020242915,2.263157894736842,7.161943319838056,30.40080971659919,0.9230769230769232,13.34008097165992,15.421052631578949,32.07692307692308,7.17004048582996,2.311740890688259,0.7368421052631579,0.757085020242915,0.8623481781376519,14.012145748987852
14,"Roloson, Dwayne",8460806,3409.057971014493,2.78743961352657,55.79710144927536,2.130434782608696,7.396135265700483,30.096618357487923,0.7922705314009661,13.570048309178745,14.898550724637682,31.28985507246377,8.043478260869565,2.3768115942028984,0.932367149758454,0.9903381642512076,0.8647342995169082,14.08695652173913
15,"Giguere, Jean-Sebastien",8462044,3241.209677419354,2.505376344086021,49.763440860215056,1.8440860215053765,5.510752688172043,26.93010752688172,0.7150537634408602,12.564516129032258,14.956989247311828,28.93548387096774,7.247311827956989,1.989247311827957,0.9408602150537636,0.8064516129032258,0.7580645161290323,11.591397849462366
16,"Biron, Martin",8462047,3380.530769230769,2.6153846153846154,54.0,1.946153846153846,7.123076923076923,28.584615384615383,0.8307692307692308,12.492307692307692,14.330769230769231,30.384615384615383,6.7615384615384615,2.376923076923077,0.9769230769230768,0.8153846153846154,0.823076923076923,14.476923076923075
17,"Boucher, Brian",8462052,3264.0873786407765,2.3300970873786406,47.300970873786405,1.825242718446602,6.436893203883495,25.00970873786408,0.7766990291262136,10.8252427184466,12.92233009708738,26.67961165048544,6.223300970873787,2.029126213592233,0.883495145631068,0.7281553398058253,0.7184466019417476,12.368932038834952
18,"Toskala, Vesa",8462117,3258.8214285714284,3.0476190476190474,52.773809523809526,1.4404761904761905,5.630952380952381,27.011904761904763,1.0,13.19047619047619,14.404761904761903,28.702380952380956,7.535714285714286,2.5476190476190474,1.1071428571428572,0.8928571428571429,1.0476190476190477,13.988095238095235
19,"Kiprusoff, Miikka",8462147,3493.1942675159235,2.5254777070063694,52.00636942675159,1.8694267515923568,6.442675159235669,28.076433121019107,0.7515923566878981,12.757961783439493,15.09872611464968,30.67515923566879,6.691082802547771,2.0859872611464967,0.8662420382165605,0.8885350318471338,0.7707006369426752,12.554140127388536
20,"Mason, Chris",8462152,3240.769230769231,2.43956043956044,49.510989010989015,1.7472527472527473,5.565934065934066,26.247252747252748,0.7417582417582418,12.637362637362637,13.9010989010989,27.895604395604398,7.032967032967033,2.1538461538461537,0.8296703296703297,0.8791208791208791,0.7307692307692307,12.428571428571429
21,"Johnson, Brent",8462161,3142.4578313253014,2.325301204819277,46.13253012048193,1.6626506024096386,5.216867469879518,25.09638554216868,1.1686746987951808,11.0,13.783132530120485,25.795180722891565,7.096385542168675,1.8313253012048192,0.8433734939759037,0.8554216867469879,0.6265060240963856,11.409638554216867
22,"Garon, Mathieu",8464999,3124.2820512820517,2.4743589743589745,47.16025641025641,1.7115384615384617,4.608974358974359,24.78205128205128,0.8589743589743589,11.878205128205128,13.5,26.487179487179485,6.602564102564102,1.8653846153846156,0.8205128205128205,0.935897435897436,0.717948717948718,12.205128205128204
23,"Valiquette, Steve",8465161,3337.714285714286,2.857142857142857,50.90476190476191,2.0,5.047619047619048,27.52380952380953,0.9523809523809524,13.857142857142858,13.80952380952381,27.904761904761905,8.476190476190476,2.142857142857143,1.238095238095238,1.0476190476190477,0.5714285714285714,12.38095238095238
24,"Luongo, Roberto",8466141,3461.0433996383363,2.363471971066908,51.25497287522604,1.837251356238698,7.285714285714286,28.95840867992767,1.0090415913200723,11.969258589511757,14.678119349005424,29.669077757685358,7.3092224231464735,2.2007233273056057,0.7486437613019892,0.8209764918625678,0.7938517179023508,12.075949367088608
25,"Clemmensen, Scott",8466339,3207.8957055214723,2.4662576687116564,48.7239263803681,1.6196319018404908,5.6871165644171775,26.63803680981595,0.6134969325153374,12.042944785276074,14.153374233128837,28.15950920245399,6.7975460122699385,1.8650306748466257,0.852760736196319,0.9447852760736196,0.6687116564417178,11.901840490797548
26,"LaBarbera, Jason",8467391,3088.822429906542,2.336448598130841,46.81308411214953,2.05607476635514,5.94392523364486,26.186915887850468,0.6728971962616822,12.22429906542056,13.121495327102805,27.710280373831772,6.925233644859813,1.8691588785046729,0.8317757009345794,0.8411214953271028,0.6635514018691588,10.30841121495327
27,"Sabourin, Dany",8467430,3124.5263157894738,2.473684210526316,48.26315789473684,1.6842105263157894,5.894736842105263,24.36842105263158,0.6842105263157895,11.263157894736842,12.0,25.473684210526315,6.2631578947368425,2.3157894736842106,0.6842105263157895,1.0,0.7894736842105263,14.210526315789474
28,"Raycroft, Andrew",8467453,3004.4938271604938,2.469135802469136,46.23456790123457,1.8271604938271604,5.950617283950617,24.97530864197531,0.654320987654321,10.901234567901234,13.123456790123456,27.320987654320987,5.950617283950617,1.6790123456790125,0.9012345679012346,0.9012345679012346,0.6666666666666666,11.283950617283953
29,"Niittymaki, Antero",8467511,3357.657142857143,2.6095238095238096,51.42857142857143,2.219047619047619,5.980952380952381,28.09523809523809,0.6666666666666666,12.495238095238095,15.01904761904762,29.8,6.6761904761904765,2.638095238095238,0.8666666666666667,0.7714285714285715,0.9714285714285714,12.314285714285717
30,"Auld, Alex",8467913,3220.5670103092784,2.422680412371134,48.39175257731959,1.7010309278350515,4.752577319587629,25.47422680412371,0.8144329896907216,11.515463917525771,14.618556701030927,27.1340206185567,6.680412371134021,2.0103092783505154,0.8556701030927835,0.8969072164948454,0.6701030927835051,12.56701030927835
31,"Anderson, Craig",8467950,3425.5879556259906,2.713153724247227,55.94611727416799,2.1838351822503963,6.7781299524564185,31.106180665610143,0.884310618066561,13.606973058637085,16.142630744849445,32.30744849445325,7.656101426307448,2.469096671949287,0.8716323296354992,0.9445324881141046,0.8969889064976229,13.513470681458005
32,"Miller, Ryan",8468011,3442.693739424704,2.510998307952623,54.18274111675127,1.8172588832487309,7.050761421319797,30.076142131979694,0.9086294416243654,12.893401015228426,15.94585448392555,31.27749576988156,7.822335025380711,2.1421319796954315,0.8815566835871405,0.9069373942470388,0.7225042301184433,12.94077834179357
33,"Leighton, Michael",8468038,3156.95,2.6166666666666667,50.45,2.35,5.283333333333333,26.28333333333333,0.75,11.7,14.45,27.633333333333333,7.216666666666667,2.45,0.7666666666666667,0.9666666666666668,0.8833333333333333,13.15
34,"Sanford, Curtis",8468166,3224.181818181818,2.327272727272727,46.763636363636365,1.4727272727272729,4.563636363636364,25.8,0.8545454545454545,12.363636363636363,14.181818181818182,27.963636363636365,5.963636363636364,1.7818181818181815,0.7636363636363637,0.8181818181818182,0.7454545454545455,11.054545454545456
35,"DiPietro, Rick",8468481,3395.6875,3.1875,56.22916666666666,2.2916666666666665,6.395833333333333,28.02083333333333,0.8125,12.104166666666666,14.875,30.70833333333333,7.0625,2.6041666666666665,1.1041666666666667,0.9166666666666666,1.1666666666666667,15.854166666666666
36,"Bryzgalov, Ilya",8468524,3464.908823529412,2.5352941176470587,54.15,1.8852941176470588,6.16764705882353,28.544117647058822,0.7529411764705882,13.441176470588236,15.870588235294118,31.31764705882353,7.411764705882353,2.094117647058824,0.8088235294117647,0.9264705882352942,0.8,13.326470588235294
37,"Ellis, Dan",8468540,3232.047904191617,2.6107784431137726,49.20958083832336,1.9221556886227544,5.389221556886228,26.377245508982035,0.7784431137724551,11.694610778443112,14.520958083832337,28.143712574850294,6.610778443113772,2.305389221556886,0.8562874251497006,0.874251497005988,0.8802395209580839,12.149700598802395
38,"Tellqvist, Mikael",8468550,2878.5238095238096,2.238095238095238,45.57142857142857,1.1904761904761905,5.761904761904762,25.38095238095238,0.7142857142857143,12.238095238095235,13.19047619047619,27.761904761904763,5.714285714285714,1.5238095238095235,0.6190476190476191,0.9047619047619048,0.7142857142857143,10.571428571428571
39,"Lundqvist, Henrik",8468685,3490.6454413892907,2.4081041968162085,55.24602026049204,2.014471780028944,6.209840810419681,29.483357452966715,0.9334298118668596,13.739507959479017,15.54413892908828,31.32272069464544,7.340086830680174,2.3111432706222867,0.8668596237337193,0.7973950795947902,0.743849493487699,14.272069464544138
40,"Conklin, Ty",8469152,3259.0857142857144,2.5142857142857142,45.32380952380952,1.2857142857142858,6.123809523809523,25.96190476190476,1.0571428571428572,11.066666666666666,13.219047619047618,26.504761904761907,7.133333333333334,1.6,0.9523809523809524,0.9428571428571428,0.6190476190476191,10.085714285714284
41,"Leclaire, Pascal",8469461,3181.516666666667,2.8666666666666667,47.28333333333333,1.9333333333333331,4.483333333333333,25.616666666666667,0.8166666666666667,12.033333333333331,13.333333333333334,26.816666666666663,5.966666666666667,2.5166666666666666,0.9833333333333332,0.9,0.9833333333333332,11.983333333333333
42,"Budaj, Peter",8469514,3288.169421487604,2.471074380165289,50.09504132231405,1.871900826446281,5.396694214876033,25.785123966942148,1.0041322314049588,11.665289256198347,14.260330578512397,28.12396694214876,6.6115702479338845,1.975206611570248,0.8512396694214877,0.871900826446281,0.7479338842975206,13.384297520661155
43,"Emery, Ray",8469548,3164.143790849673,2.366013071895425,47.52287581699346,1.869281045751634,5.5359477124183005,24.96078431372549,0.7320261437908496,11.50326797385621,13.065359477124185,26.26797385620915,6.5359477124183005,2.2679738562091503,0.7516339869281046,0.803921568627451,0.8104575163398693,12.450980392156865
44,"Smith, Mike",8469608,3431.819967266776,2.5941080196399344,54.41734860883797,2.1456628477905078,6.779050736497545,29.7037643207856,0.9312602291325696,13.328968903436987,15.448445171849428,31.03764320785597,7.787234042553192,2.46481178396072,0.8707037643207856,0.8887070376432079,0.8346972176759411,13.127659574468083
45,"Huet, Cristobal",8469658,3411.887640449438,2.393258426966292,44.19101123595506,1.4606741573033708,4.775280898876405,24.325842696629213,0.8876404494382022,10.224719101123595,13.584269662921349,24.08988764044944,6.98876404494382,1.9101123595505616,0.8089887640449438,0.9213483146067416,0.6629213483146067,11.202247191011235
46,"Gerber, Martin",8469675,3578.620689655173,2.827586206896552,59.03448275862069,1.5862068965517242,5.137931034482759,30.82758620689655,0.7586206896551724,16.517241379310345,16.551724137931036,32.758620689655174,7.9655172413793105,2.9655172413793105,0.896551724137931,0.8620689655172413,1.0689655172413792,15.344827586206897
47,"MacDonald, Joey",8469732,3279.396551724138,2.7413793103448274,53.12068965517241,1.9655172413793105,6.836206896551724,28.189655172413797,0.956896551724138,12.301724137931034,14.741379310344827,30.155172413793103,7.0344827586206895,2.1724137931034484,0.9051724137931034,0.9655172413793104,0.8706896551724138,13.758620689655173
48,"Deslauriers, Jeff",8470074,3458.1451612903224,3.1129032258064515,59.46774193548387,2.096774193548387,7.935483870967742,31.35483870967742,1.1129032258064515,15.161290322580646,15.903225806451612,33.225806451612904,9.209677419354838,2.6451612903225805,1.032258064516129,1.1774193548387095,0.9032258064516128,14.387096774193548
49,"McKenna, Mike",8470093,3058.9714285714285,3.057142857142857,47.71428571428572,1.4,5.542857142857143,27.914285714285715,0.7428571428571429,11.82857142857143,14.457142857142856,28.2,7.257142857142857,1.6857142857142855,1.0571428571428572,1.1142857142857143,0.8857142857142857,10.571428571428571
50,"Lehtonen, Kari",8470140,3387.580448065173,2.519348268839104,54.34419551934827,2.195519348268839,6.462321792260693,28.629327902240327,0.8737270875763747,13.285132382892057,14.80040733197556,30.380855397148675,7.360488798370672,2.4480651731160896,0.869653767820774,0.8574338085539714,0.7922606924643585,14.15478615071283
51,"McElhinney, Curtis",8470147,3155.798353909465,2.497942386831276,48.74074074074074,1.991769547325103,5.436213991769547,26.954732510288064,0.9958847736625516,12.242798353909466,14.02880658436214,27.83539094650206,7.246913580246914,2.230452674897119,0.8148148148148148,0.9382716049382716,0.7448559670781894,11.427983539094653
52,"Harding, Josh",8470216,3130.0,2.0982142857142856,48.21428571428572,1.6071428571428572,6.839285714285714,25.794642857142858,0.6785714285714286,11.455357142857142,13.169642857142858,27.9375,6.339285714285714,1.7053571428571428,0.6875,0.9375,0.4732142857142857,12.232142857142858
53,"Ward, Cam",8470320,3459.4696132596687,2.585635359116022,54.04972375690608,2.3683241252302025,6.005524861878453,29.09208103130755,0.9723756906077348,13.16390423572744,15.686924493554327,30.56353591160221,7.895027624309392,2.351749539594844,0.856353591160221,0.9355432780847146,0.7937384898710865,13.239410681399631
54,"Fleury, Marc-Andre",8470594,3482.1546391752577,2.45589919816724,52.91752577319588,2.176403207331042,5.403207331042383,28.285223367697597,1.1065292096219932,12.77434135166094,15.033218785796103,29.47193585337915,7.162657502863689,2.3447880870561284,0.8178694158075601,0.8762886597938144,0.7617411225658648,13.938144329896907
55,"Crawford, Corey",8470645,3465.5135135135133,2.35966735966736,51.014553014553016,2.029106029106029,6.097713097713098,28.63825363825364,0.9854469854469856,11.948024948024948,14.945945945945946,28.58835758835759,7.471933471933472,2.216216216216216,0.817047817047817,0.7941787941787942,0.7484407484407485,12.738045738045738
56,"Howard, Jimmy",8470657,3402.8280373831776,2.480373831775701,49.63177570093458,1.833644859813084,6.697196261682243,28.25607476635514,1.155140186915888,12.08411214953271,14.134579439252336,28.983177570093456,7.018691588785047,2.2149532710280373,0.822429906542056,0.8336448598130841,0.8242990654205608,11.414953271028038
57,"Halak, Jaroslav",8470860,3439.1019677996424,2.3917710196779964,53.1788908765653,1.9677996422182469,6.445438282647585,28.21824686940966,0.962432915921288,12.409660107334526,15.13953488372093,29.602862254025045,7.334525939177102,2.2862254025044724,0.8497316636851521,0.8246869409660107,0.7173524150268337,13.955277280858676
58,"Elliott, Brian",8470880,3318.147601476014,2.378228782287823,48.99446494464944,1.916974169741697,6.658671586715867,26.24354243542436,0.9464944649446494,10.625461254612546,13.839483394833948,27.428044280442805,6.767527675276753,2.20479704797048,0.7933579335793358,0.8745387453874539,0.7103321033210332,12.59409594095941
59,"Danis, Yann",8471186,2964.020408163265,2.306122448979592,48.30612244897959,1.673469387755102,5.653061224489796,25.081632653061224,0.6122448979591837,11.244897959183673,13.673469387755102,26.20408163265306,6.816326530612245,2.346938775510204,0.7959183673469388,0.6938775510204082,0.8163265306122449,12.93877551020408
60,"Montoya, Al",8471219,3267.8511904761904,2.4107142857142856,49.75595238095238,1.869047619047619,6.315476190476191,26.297619047619047,0.9940476190476192,11.071428571428571,14.166666666666666,27.38095238095238,7.071428571428571,2.267857142857143,0.8511904761904762,0.9464285714285714,0.6130952380952381,13.035714285714286
61,"Dubnyk, Devan",8471227,3400.8837638376385,2.4723247232472323,54.291512915129154,1.948339483394834,6.6900369003690034,28.653136531365316,0.8413284132841329,12.686346863468634,15.31549815498155,30.837638376383765,7.228782287822878,2.0018450184501844,0.904059040590406,0.8726937269372693,0.6955719557195572,14.223247232472325
62,"Schneider, Cory",8471239,3402.621951219512,2.3073170731707315,49.79024390243902,1.7707317073170732,6.748780487804878,28.085365853658537,0.8560975609756097,11.673170731707318,14.58780487804878,28.29268292682927,7.675609756097561,2.1,0.7878048780487805,0.8170731707317073,0.7024390243902439,11.721951219512196
63,"Peters, Justin",8471251,3240.710843373494,2.7710843373493974,51.87951807228916,2.216867469879518,6.180722891566265,27.879518072289155,0.9156626506024096,12.759036144578314,14.91566265060241,29.27710843373494,8.180722891566266,2.3012048192771086,0.7228915662650602,1.1566265060240963,0.891566265060241,12.120481927710845
64,"Glass, Jeff",8471301,3283.6,3.066666666666667,56.06666666666667,2.2666666666666666,6.2,30.133333333333333,1.6666666666666667,12.4,16.6,29.666666666666668,9.6,2.466666666666667,1.2,1.3333333333333333,0.5333333333333333,14.333333333333334
65,"Greiss, Thomas",8471306,3180.747252747253,2.456043956043956,51.12087912087912,1.7884615384615383,5.958791208791209,27.71978021978022,0.9230769230769232,12.25,14.84065934065934,28.89010989010989,7.263736263736264,2.03021978021978,0.925824175824176,0.8379120879120879,0.6923076923076923,12.936813186813186
66,"Ramo, Karri",8471403,3307.5925925925926,2.585185185185185,54.60740740740741,1.8888888888888888,6.229629629629629,27.933333333333334,0.7407407407407407,12.688888888888888,14.681481481481482,29.474074074074075,7.237037037037037,2.2444444444444445,0.7777777777777778,0.9185185185185184,0.8888888888888888,15.651851851851852
67,"Khudobin, Anton",8471418,3305.984615384616,2.319230769230769,50.92307692307692,1.8038461538461537,6.184615384615385,27.49230769230769,1.073076923076923,12.888461538461538,14.138461538461538,29.1,7.242307692307692,1.946153846153846,0.7461538461538462,0.9076923076923076,0.6653846153846154,12.634615384615383
68,"Rinne, Pekka",8471469,3458.9073529411767,2.344117647058824,51.67058823529412,1.6,7.35,28.205882352941178,1.0073529411764706,12.261764705882351,13.958823529411765,29.99411764705882,6.45,1.9705882352941175,0.7779411764705882,0.8338235294117647,0.7323529411764705,13.255882352941176
69,"Price, Carey",8471679,3533.24739195231,2.4664679582712368,55.67213114754098,2.020864381520119,7.125186289120715,29.47988077496274,1.0715350223546944,12.788375558867362,14.87183308494784,30.48882265275708,7.409836065573771,2.3278688524590163,0.8330849478390462,0.856929955290611,0.7764530551415797,15.445603576751118
70,"Rask, Tuukka",8471695,3449.2339285714284,2.180357142857143,50.6,1.5642857142857145,6.748214285714286,27.667857142857144,1.0732142857142857,11.680357142857142,15.1625,29.17142857142857,7.058928571428571,2.0267857142857144,0.7482142857142857,0.7517857142857143,0.6803571428571429,12.342857142857143
71,"Pavelec, Ondrej",8471715,3368.3478260869565,2.687979539641944,53.22506393861892,2.125319693094629,6.120204603580563,28.91048593350384,0.8976982097186701,13.010230179028133,14.938618925831202,29.383631713554987,7.823529411764706,2.511508951406649,0.8056265984654731,0.9616368286445012,0.9207161125319692,13.506393861892583
72,"Quick, Jonathan",8471734,3473.4824561403507,2.408521303258145,50.92230576441103,2.2318295739348373,5.898496240601504,26.98245614035088,0.9298245614035088,12.563909774436093,14.701754385964913,29.071428571428573,7.274436090225564,2.343358395989975,0.8408521303258145,0.8671679197994987,0.7005012531328321,12.233082706766917
73,"Bishop, Ben",8471750,3382.135922330097,2.1893203883495147,51.59708737864078,1.900485436893204,6.298543689320389,27.51456310679612,0.8713592233009708,12.728155339805824,14.395631067961164,29.25,7.065533980582524,2.0024271844660197,0.7718446601941747,0.7839805825242718,0.633495145631068,13.279126213592232
74,"Stalock, Alex",8471774,3215.156424581005,2.4134078212290504,49.44692737430167,1.7541899441340782,5.731843575418995,26.29050279329609,0.7597765363128491,11.94413407821229,13.888268156424582,28.43016759776536,6.279329608938547,1.9441340782122905,0.8324022346368715,0.8379888268156425,0.7430167597765364,12.793296089385477
75,"Backstrom, Niklas",8473404,3401.0127388535034,2.4554140127388533,51.455414012738856,1.7993630573248407,6.477707006369426,27.818471337579616,0.6847133757961783,12.40127388535032,14.802547770700636,30.13375796178344,6.710191082802548,1.8439490445859872,0.7961783439490446,0.9012738853503184,0.7579617834394905,12.76751592356688
76,"Irving, Leland",8473414,3066.846153846154,2.769230769230769,50.0,1.9230769230769231,6.461538461538462,28.23076923076923,0.6153846153846154,14.076923076923077,12.076923076923077,28.846153846153847,6.923076923076923,2.0,0.9230769230769232,0.9230769230769232,0.9230769230769232,12.23076923076923
77,"Johnson, Chad",8473434,3212.270833333333,2.4375,49.1875,1.7395833333333333,6.557291666666667,26.338541666666668,0.9739583333333334,11.494791666666666,13.885416666666666,27.75,7.1875,2.03125,0.7135416666666666,0.9583333333333334,0.765625,12.21875
78,"Mason, Steve",8473461,3395.797894736842,2.5494736842105263,51.68631578947368,1.9031578947368424,5.831578947368421,28.46315789473684,0.9747368421052632,12.863157894736842,14.187368421052632,29.53894736842105,6.751578947368421,2.113684210526316,0.8252631578947368,0.911578947368421,0.8126315789473684,13.282105263157897
79,"Berra, Reto",8473499,2893.0,2.3026315789473686,46.86842105263158,1.8421052631578947,5.723684210526316,24.17105263157895,0.5263157894736842,11.039473684210526,12.105263157894736,25.61842105263158,6.144736842105263,1.881578947368421,0.9605263157894736,0.8157894736842105,0.5263157894736842,13.223684210526317
80,"Reimer, James",8473503,3287.5009746588694,2.635477582846004,54.187134502923975,2.0526315789473686,7.169590643274854,29.23196881091618,0.8401559454191033,13.514619883040936,14.419103313840155,30.105263157894736,8.274853801169591,2.4113060428849904,0.8927875243664717,1.0097465886939572,0.732943469785575,13.39571150097466
81,"Enroth, Jhonas",8473523,3289.7843137254904,2.594771241830065,53.70588235294117,1.69281045751634,6.137254901960785,28.62745098039216,0.7843137254901961,12.516339869281046,16.215686274509803,30.30065359477124,7.888888888888889,2.104575163398693,0.9411764705882352,0.9477124183006536,0.7058823529411765,13.411764705882351
82,"Bernier, Jonathan",8473541,3271.6766917293235,2.526315789473684,53.25062656641604,1.8922305764411027,7.546365914786968,28.872180451127814,0.8721804511278195,13.320802005012531,14.115288220551378,30.761904761904763,7.654135338345864,2.233082706766917,0.912280701754386,0.8922305764411027,0.7218045112781954,12.601503759398495
83,"Zatkoff, Jeff",8473553,3113.208333333333,2.3541666666666665,45.9375,1.6041666666666667,5.916666666666667,25.625,1.125,10.958333333333334,13.020833333333334,27.166666666666668,6.1875,1.6041666666666667,0.7708333333333334,0.9166666666666666,0.6666666666666666,10.979166666666666
84,"Varlamov, Semyon",8473575,3436.378421900161,2.534621578099839,56.84863123993559,2.50402576489533,6.241545893719807,29.993558776167472,0.8792270531400966,13.549114331723027,16.135265700483092,31.760064412238325,7.700483091787439,2.431561996779388,0.8711755233494364,0.893719806763285,0.7697262479871175,14.956521739130435
85,"Neuvirth, Michal",8473607,3231.33203125,2.4453125,51.2890625,1.79296875,7.6796875,27.28125,0.98046875,11.3125,13.41796875,28.2421875,7.203125,2.05078125,0.90234375,0.8046875,0.73828125,13.79296875
86,"Bachman, Richard",8473614,3014.9791666666665,2.5,49.145833333333336,1.7708333333333333,7.0625,25.875,0.625,11.958333333333334,12.5,27.541666666666668,6.770833333333333,2.25,0.7708333333333334,0.9791666666666666,0.75,12.583333333333334
87,"Hiller, Jonas",8473972,3358.4304461942256,2.409448818897638,53.41994750656168,2.1601049868766404,6.136482939632546,27.93963254593176,0.8136482939632546,12.981627296587927,15.506561679790028,30.522309711286088,7.31496062992126,2.1653543307086616,0.8083989501312336,0.863517060367454,0.7375328083989501,13.417322834645669
88,"Ersberg, Erik",8473975,3120.025641025641,2.230769230769231,43.71794871794872,1.7435897435897436,5.205128205128205,22.692307692307693,0.7948717948717948,11.205128205128204,11.974358974358974,25.897435897435894,5.256410256410256,2.051282051282051,0.8974358974358975,0.717948717948718,0.6153846153846154,10.512820512820513
89,"York, Allen",8474057,2272.909090909091,1.4545454545454546,33.81818181818182,0.6363636363636364,2.1818181818181817,18.09090909090909,1.2727272727272727,10.181818181818182,8.727272727272727,19.181818181818183,4.0,1.0,0.3636363636363636,0.6363636363636364,0.4545454545454545,9.636363636363637
90,"Darling, Scott",8474152,3351.5793650793653,2.531746031746032,50.12698412698413,2.0396825396825395,4.912698412698413,27.642857142857142,1.0873015873015872,11.793650793650794,15.714285714285714,28.428571428571427,7.476190476190476,2.0,0.8888888888888888,0.8809523809523809,0.7619047619047619,12.22222222222222
91,"Niemi, Antti",8474550,3384.780172413793,2.418103448275862,52.86422413793103,1.9698275862068968,6.773706896551724,27.40086206896552,1.0043103448275863,12.08405172413793,14.286637931034482,29.38146551724138,6.823275862068965,2.228448275862069,0.8038793103448276,0.8017241379310345,0.8125,14.43103448275862
92,"Markstrom, Jacob",8474593,3461.9656488549617,2.603053435114504,52.6087786259542,2.2099236641221376,6.841603053435114,28.41412213740458,0.931297709923664,12.001908396946565,15.05916030534351,29.477099236641223,7.562977099236641,2.5267175572519083,0.9713740458015268,0.8835877862595419,0.7480916030534351,13.041984732824428
93,"Allen, Jake",8474596,3373.416299559472,2.592511013215859,52.56828193832599,2.2797356828193838,6.638766519823789,27.98898678414097,0.7312775330396476,12.05066079295154,14.129955947136564,28.60352422907489,7.365638766519824,2.5726872246696035,0.9251101321585904,0.9096916299559472,0.7577092511013216,14.026431718061676
94,"Hutchinson, Michael",8474636,3142.564935064935,2.571428571428572,47.6948051948052,1.7857142857142858,7.396103896103896,26.272727272727277,0.8766233766233766,10.61038961038961,12.88961038961039,26.805194805194805,7.318181818181818,2.0259740259740258,0.8896103896103896,0.9675324675324676,0.7142857142857143,11.545454545454543
95,"Holtby, Braden",8474651,3437.12890625,2.48046875,54.6015625,2.1875,6.908203125,29.001953125,1.044921875,13.064453125,15.037109375,30.1015625,7.970703125,2.44140625,0.833984375,0.88671875,0.759765625,14.087890625
96,"Sateri, Harri",8474667,3132.714285714286,3.071428571428572,50.92857142857143,1.7857142857142858,4.357142857142857,28.571428571428573,0.8571428571428571,14.142857142857142,16.571428571428573,30.642857142857142,7.785714285714286,2.357142857142857,1.0,1.2857142857142858,0.7857142857142857,10.142857142857142
97,"Tokarski, Dustin",8474682,3248.046511627907,2.7790697674418605,49.7906976744186,2.1744186046511627,6.348837209302325,28.29069767441861,0.872093023255814,12.16279069767442,14.046511627906977,28.38372093023256,7.813953488372093,2.3372093023255816,0.9883720930232558,0.9651162790697676,0.8255813953488372,11.255813953488373
98,"Poulin, Kevin",8474690,3282.66,2.8,52.44,1.84,7.4,27.84,0.84,11.16,14.32,29.42,6.98,2.34,0.94,1.0,0.86,13.7
99,"Lindback, Anders",8474765,3158.8,2.5153846153846158,48.49230769230769,1.5615384615384615,5.992307692307692,26.17692307692308,0.823076923076923,11.638461538461538,14.276923076923078,28.192307692307693,7.007692307692308,1.807692307692308,0.7538461538461538,0.9692307692307692,0.7923076923076923,11.484615384615385
100,"Lawson, Nathan",8474855,2161.0,2.5454545454545454,42.09090909090909,1.6363636363636365,5.0,23.0,0.7272727272727273,9.454545454545457,11.090909090909092,21.363636363636363,7.0,2.1818181818181817,0.6363636363636364,1.0,0.9090909090909092,11.545454545454543
101,"Jones, Martin",8474889,3399.032258064516,2.574193548387097,52.32903225806452,2.1333333333333333,5.7612903225806456,27.1247311827957,1.0043010752688173,12.320430107526882,14.716129032258063,28.513978494623657,7.479569892473118,2.3548387096774195,0.8881720430107527,0.946236559139785,0.7397849462365591,13.980645161290322
102,"Koskinen, Mikko",8475156,3337.7738095238096,2.8035714285714284,53.583333333333336,2.2857142857142856,6.892857142857143,29.702380952380956,0.9107142857142856,13.071428571428571,14.398809523809524,30.154761904761905,7.994047619047619,2.345238095238096,1.0773809523809523,1.0178571428571428,0.7083333333333334,13.089285714285714
103,"Nilsson, Anders",8475195,3307.583850931677,2.8260869565217392,55.24223602484472,2.0434782608695654,6.906832298136646,30.33540372670808,0.9937888198757764,13.664596273291924,15.416149068322982,31.596273291925467,8.136645962732919,2.329192546583851,0.9875776397515528,1.105590062111801,0.7329192546583851,13.180124223602483
104,"Lehner, Robin",8475215,3378.6813186813188,2.552197802197802,54.3489010989011,2.241758241758242,6.28021978021978,30.58516483516484,0.9945054945054944,13.09065934065934,15.843406593406591,31.134615384615383,7.541208791208791,2.3241758241758244,0.8983516483516484,0.9285714285714286,0.7252747252747253,13.3489010989011
105,"Berube, J-F",8475234,2727.4242424242425,2.8181818181818183,45.84848484848485,2.0,7.212121212121212,26.60606060606061,0.8181818181818182,10.515151515151516,11.666666666666666,26.181818181818183,7.181818181818182,1.9090909090909087,1.0909090909090908,1.0,0.7272727272727273,10.575757575757576
106,"Hackett, Matt",8475252,2933.346153846154,2.576923076923077,53.0,2.1538461538461537,6.0,27.26923076923077,0.7307692307692307,12.692307692307692,14.576923076923077,29.884615384615383,7.076923076923077,2.0384615384615383,0.6153846153846154,1.1923076923076923,0.7692307692307693,14.0
107,"Ortio, Joni",8475299,3291.4864864864867,2.4324324324324325,50.08108108108108,1.7837837837837838,6.378378378378378,24.594594594594597,0.5405405405405406,10.405405405405403,14.297297297297296,26.97297297297297,6.972972972972973,1.9189189189189189,0.7837837837837838,1.0,0.6486486486486487,14.216216216216216
108,"Kuemper, Darcy",8475311,3400.845433255269,2.433255269320843,54.20374707259953,2.358313817330211,6.400468384074942,28.327868852459016,0.8384074941451991,12.934426229508198,15.234192037470724,30.166276346604217,7.557377049180328,2.351288056206089,0.9086651053864168,0.8735362997658079,0.6510538641686182,14.1288056206089
109,"Gustavsson, Jonas",8475361,3258.424581005587,2.6033519553072626,49.4804469273743,1.5195530726256985,5.217877094972067,26.35754189944134,0.7541899441340782,12.46927374301676,14.240223463687151,27.37430167597765,7.659217877094972,1.899441340782123,0.905027932960894,1.0223463687150838,0.6759776536312849,12.547486033519553
110,"Karlsson, Henrik",8475431,2974.8076923076924,2.3076923076923075,43.57692307692308,1.4230769230769231,4.923076923076923,24.23076923076923,0.7307692307692307,11.115384615384617,12.192307692307692,25.346153846153847,5.269230769230769,2.269230769230769,0.8461538461538461,0.5769230769230769,0.8846153846153846,10.692307692307692
111,"Hutton, Carter",8475622,3219.621276595745,2.4680851063829787,48.99574468085106,1.7574468085106385,6.297872340425532,26.714893617021275,0.9191489361702128,11.719148936170212,13.659574468085106,28.029787234042555,6.897872340425532,1.974468085106383,0.9276595744680852,0.9106382978723404,0.6297872340425532,12.093617021276597
112,"Talbot, Cam",8475660,3413.902298850575,2.532567049808429,54.565134099616856,2.2528735632183907,6.948275862068965,28.886973180076627,0.7241379310344828,12.950191570881223,14.70689655172414,30.26628352490421,7.461685823754789,2.4636015325670497,0.8908045977011494,0.8793103448275862,0.7624521072796935,14.373563218390805
113,"Lack, Eddie",8475663,3323.5,2.423611111111111,50.21527777777778,1.7847222222222223,6.729166666666667,26.61111111111111,0.9236111111111112,11.694444444444445,13.854166666666666,27.82638888888889,7.625,2.2152777777777777,0.7569444444444444,0.9722222222222222,0.6944444444444444,12.54861111111111
114,"Scrivens, Ben",8475681,3314.5763888888887,2.6875,52.958333333333336,2.1666666666666665,6.284722222222222,28.4375,0.75,12.819444444444445,14.770833333333334,29.95833333333333,7.548611111111111,2.326388888888889,0.9791666666666666,0.9652777777777778,0.7430555555555556,13.125
115,"Bobrovsky, Sergei",8475683,3457.814765100671,2.4845637583892617,52.61476510067114,2.3959731543624163,6.32751677852349,28.98523489932886,1.185234899328859,12.5248322147651,14.711409395973154,29.58523489932886,7.465771812080537,2.5758389261744967,0.8590604026845637,0.8859060402684564,0.7395973154362416,12.987919463087248
116,"Pickard, Calvin",8475717,3190.914634146341,2.573170731707317,49.70121951219512,2.067073170731707,6.121951219512195,26.621951219512194,0.5365853658536586,11.621951219512194,13.878048780487806,27.640243902439025,7.0426829268292686,2.207317073170732,0.9146341463414634,1.0182926829268293,0.6402439024390244,12.810975609756095
117,"Campbell, Jack",8475789,3360.221590909091,2.590909090909091,50.97727272727273,2.0681818181818183,7.653409090909091,28.426136363636363,0.9431818181818182,12.119318181818182,13.630681818181818,28.829545454545453,7.715909090909091,2.278409090909091,0.8011363636363636,1.0340909090909092,0.7556818181818182,12.153409090909092
118,"Wedgewood, Scott",8475809,3342.777027027027,2.70945945945946,53.62837837837838,2.5878378378378377,7.432432432432432,28.87837837837838,0.6081081081081081,12.35135135135135,14.77027027027027,30.22972972972973,7.689189189189189,2.635135135135135,0.9662162162162162,0.9594594594594594,0.7837837837837838,13.074324324324325
119,"Grubauer, Philipp",8475831,3291.193460490463,2.427792915531336,50.41689373297002,2.346049046321526,6.337874659400545,26.419618528610357,0.7438692098092643,11.40599455040872,13.989100817438691,27.87465940054496,7.133514986376022,2.337874659400545,0.8310626702997275,0.8991825613079019,0.6975476839237057,13.0708446866485
120,"Domingue, Louis",8475839,3269.520833333333,2.736111111111111,53.763888888888886,2.298611111111111,7.243055555555555,28.979166666666668,1.1805555555555556,12.57638888888889,14.59027777777778,30.604166666666668,7.548611111111111,2.368055555555556,0.9513888888888888,0.9722222222222222,0.8125,13.243055555555555
121,"Mrazek, Petr",8475852,3349.3764705882354,2.651764705882353,51.52705882352941,2.28,5.324705882352941,28.178823529411765,0.7858823529411765,12.75294117647059,15.2,28.82588235294117,7.670588235294118,2.4235294117647057,0.9058823529411764,1.0070588235294118,0.7388235294117647,12.607058823529412
122,"Andersen, Frederik",8475883,3460.2161100196463,2.4597249508840866,53.73477406679764,2.0903732809430253,6.086444007858546,29.084479371316306,1.0098231827111983,13.589390962671906,15.825147347740668,30.905697445972496,7.711198428290766,2.430255402750491,0.8408644400785854,0.8722986247544204,0.7465618860510805,12.68762278978389
123,"Kinkaid, Keith",8476234,3259.266272189349,2.6508875739644973,51.60355029585799,1.8047337278106508,7.650887573964497,28.01775147928994,1.0355029585798816,12.153846153846152,13.485207100591715,29.514792899408285,7.455621301775148,2.0473372781065087,0.9349112426035504,0.9881656804733728,0.727810650887574,12.585798816568047
124,"Brossoit, Laurent",8476316,3247.807142857143,2.392857142857143,51.96428571428572,2.2285714285714286,5.55,26.76428571428572,0.8142857142857143,12.492857142857142,14.471428571428572,27.821428571428573,7.728571428571429,2.407142857142857,0.8357142857142857,0.8928571428571429,0.6642857142857143,14.007142857142858
125,"Forsberg, Anton",8476341,3175.344262295082,2.699453551912568,52.15846994535519,2.4262295081967213,6.136612021857924,28.098360655737704,0.8142076502732241,12.513661202185792,13.814207650273223,27.770491803278688,7.633879781420765,2.950819672131148,0.8961748633879781,0.994535519125683,0.8087431693989071,13.80327868852459
126,"Sparks, Garret",8476343,3276.4,2.825,49.75,1.725,5.925,27.75,1.15,12.6,14.55,29.2,7.775,1.6,1.0,1.15,0.675,11.175
127,"Binnington, Jordan",8476412,3455.593272171254,2.691131498470948,54.14373088685015,2.715596330275229,6.327217125382263,28.6697247706422,0.599388379204893,12.99388379204893,15.3302752293578,29.82262996941896,8.073394495412844,2.685015290519878,0.9541284403669724,0.9847094801223242,0.7522935779816514,13.562691131498472
128,"Hellberg, Magnus",8476433,2831.423076923077,2.423076923076923,44.03846153846154,1.9615384615384612,4.730769230769231,22.0,0.7307692307692307,10.461538461538462,11.153846153846152,21.615384615384617,7.346153846153846,2.3846153846153846,0.8076923076923077,0.8461538461538461,0.7692307692307693,12.692307692307692
129,"Gibson, John",8476434,3410.494047619048,2.742063492063492,56.60912698412698,2.648809523809524,6.871031746031746,30.45634920634921,0.7579365079365079,14.077380952380953,15.52579365079365,32.23809523809524,7.988095238095238,2.5694444444444446,0.8948412698412699,1.0892857142857142,0.7579365079365079,13.813492063492063
130,"Gibson, Christopher",8476444,2902.0,2.6875,49.125,0.9375,6.9375,27.125,0.9375,10.125,15.3125,28.5,7.0,1.625,1.1875,1.0,0.5,12.0
131,"Lagace, Maxime",8476509,3273.5,3.6,50.55,1.75,6.45,27.5,1.0,11.65,12.5,26.95,8.55,1.85,1.2,1.7,0.7,13.2
132,"Fasth, Viktor",8476839,3300.6031746031745,2.555555555555556,52.3968253968254,1.9047619047619049,6.444444444444445,26.6984126984127,0.8253968253968254,12.19047619047619,14.444444444444445,29.015873015873016,7.603174603174603,2.063492063492064,1.0476190476190477,0.7619047619047619,0.746031746031746,13.714285714285714
133,"Svedberg, Niklas",8476844,3019.0526315789475,1.947368421052632,42.8421052631579,1.4736842105263157,4.842105263157895,24.210526315789476,0.9473684210526316,11.157894736842104,12.736842105263158,24.57894736842105,6.7368421052631575,1.947368421052632,0.631578947368421,0.8947368421052632,0.4210526315789473,9.578947368421051
134,"Subban, Malcolm",8476876,3313.6666666666665,2.8505747126436782,50.05747126436781,2.310344827586207,5.068965517241379,27.95402298850575,0.9195402298850576,12.195402298850574,14.655172413793103,27.919540229885055,7.758620689655173,2.4022988505747125,1.0,1.0344827586206895,0.8160919540229885,11.977011494252874
135,"Vasilevskiy, Andrei",8476883,3524.1776937618147,2.485822306238185,54.20793950850662,2.196597353497165,6.120982986767486,29.86767485822306,1.077504725897921,12.918714555765597,15.7882797731569,30.204158790170133,8.0586011342155,2.449905482041588,0.9073724007561436,0.9017013232514176,0.6767485822306238,13.495274102079396
136,"Murray, Matt",8476899,3407.519841269841,2.623015873015873,53.37301587301587,2.257936507936508,6.4603174603174605,29.36111111111111,1.0396825396825398,12.567460317460318,14.892857142857142,29.571428571428573,7.734126984126984,2.4087301587301586,0.9246031746031746,0.9325396825396826,0.7658730158730159,13.658730158730158
137,"Gillies, Jon",8476903,3064.8571428571427,2.8857142857142857,46.4,2.142857142857143,5.742857142857143,26.4,1.0571428571428572,10.314285714285717,14.2,27.17142857142857,7.0,2.1142857142857143,1.2285714285714286,0.9142857142857144,0.7428571428571429,10.114285714285714
138,"Driedger, Chris",8476904,3306.439393939394,2.272727272727273,48.31818181818182,2.075757575757576,6.393939393939394,26.75757575757576,1.0303030303030305,11.606060606060606,13.712121212121213,27.818181818181817,7.045454545454546,2.090909090909091,0.7575757575757576,0.8636363636363636,0.6515151515151515,11.363636363636363
139,"Korpisalo, Joonas",8476914,3319.3724832214766,2.8053691275167787,53.66778523489933,2.476510067114094,6.684563758389261,28.28187919463087,0.8959731543624161,12.248322147651006,14.261744966442953,29.083892617449663,7.677852348993288,2.6677852348993287,1.0067114093959733,1.0402684563758389,0.7583892617449665,14.238255033557047
140,"Stolarz, Anthony",8476932,3178.3609022556398,2.330827067669173,50.95488721804512,2.954887218045113,5.421052631578948,27.33834586466165,0.4436090225563909,12.676691729323307,14.766917293233083,28.74436090225564,7.300751879699248,2.62406015037594,0.8421052631578947,0.8345864661654135,0.6541353383458647,12.285714285714286
141,"Hellebuyck, Connor",8476945,3492.607207207207,2.4846846846846846,56.01801801801802,2.682882882882883,6.291891891891892,30.225225225225227,0.6774774774774774,13.94954954954955,15.920720720720722,31.3963963963964,7.879279279279279,2.8216216216216217,0.7945945945945946,0.8774774774774775,0.8126126126126126,13.920720720720722
142,"Mazanec, Marek",8476992,3160.3548387096776,2.6451612903225805,49.61290322580645,1.1290322580645162,5.290322580645161,25.29032258064516,0.8709677419354839,12.161290322580646,14.64516129032258,29.06451612903226,5.870967741935484,1.8387096774193548,0.9032258064516128,0.8709677419354839,0.8709677419354839,12.838709677419354
143,"Ullmark, Linus",8476999,3458.7010676156583,2.434163701067616,53.68327402135231,2.3131672597864767,7.2811387900355875,29.494661921708182,0.8185053380782918,12.882562277580073,14.935943060498222,30.93594306049822,7.263345195729538,2.512455516014235,0.7935943060498221,0.8434163701067615,0.797153024911032,12.97153024911032
144,"Dell, Aaron",8477180,3163.5846153846155,2.576923076923077,49.93076923076923,2.1538461538461537,5.707692307692308,27.053846153846155,0.8076923076923077,11.684615384615384,14.307692307692308,27.06923076923077,7.869230769230769,2.276923076923077,0.8076923076923077,1.0692307692307692,0.7,12.715384615384616
145,"Hammond, Andrew",8477202,3280.059701492537,2.343283582089552,51.014925373134325,2.1194029850746268,6.791044776119403,27.80597014925373,0.8805970149253731,11.985074626865671,14.238805970149254,28.52238805970149,7.567164179104478,2.3582089552238807,0.835820895522388,0.7014925373134329,0.8059701492537313,12.567164179104475
146,"Coreau, Jared",8477225,3107.714285714286,3.238095238095238,49.47619047619048,1.619047619047619,6.047619047619048,26.952380952380956,0.7619047619047619,12.19047619047619,13.904761904761903,28.047619047619047,7.285714285714286,2.4285714285714284,1.4761904761904765,0.8095238095238095,0.9523809523809524,11.714285714285714
147,"Condon, Mike",8477237,3324.8372093023254,2.581395348837209,52.23255813953488,2.1627906976744184,6.713178294573644,27.271317829457363,0.8992248062015504,12.2015503875969,13.48062015503876,29.0,7.069767441860465,2.186046511627907,0.9457364341085271,0.8604651162790697,0.7751937984496124,13.976744186046512
148,"Raanta, Antti",8477293,3263.696750902527,2.252707581227437,48.848375451263536,2.2779783393501805,6.0,26.36823104693141,0.8447653429602888,11.772563176895307,13.935018050541515,27.6101083032491,7.335740072202166,2.137184115523466,0.7653429602888087,0.8447653429602888,0.6425992779783394,11.765342960288809
149,"Petersen, Cal",8477361,3446.269841269841,2.9206349206349205,52.285714285714285,2.2222222222222223,6.190476190476191,27.714285714285715,0.7777777777777778,12.031746031746032,14.253968253968257,27.80952380952381,8.507936507936508,2.3174603174603177,1.1428571428571428,1.0634920634920637,0.7142857142857143,13.65079365079365
150,"Petersen, Calvin",8477361,3453.0697674418607,2.744186046511628,56.627906976744185,2.8372093023255816,7.116279069767442,31.74418604651163,1.069767441860465,13.0,17.069767441860463,33.093023255813954,7.5813953488372094,2.976744186046512,0.9302325581395348,1.0465116279069768,0.7674418604651163,12.976744186046512
151,"Hogberg, Marcus",8477405,3097.18,2.72,51.24,2.54,5.9,27.0,0.78,12.74,13.58,28.26,7.36,2.66,0.98,0.98,0.76,12.96
152,"Saros, Juuse",8477424,3440.6967418546365,2.548872180451128,55.64912280701754,2.5413533834586466,6.867167919799499,29.8796992481203,0.7794486215538847,13.107769423558898,15.74937343358396,30.711779448621552,8.115288220551378,2.7167919799498748,0.8521303258145363,0.9548872180451128,0.7418546365914787,14.105263157894736
153,"Jarry, Tristan",8477465,3382.2756183745582,2.575971731448764,52.85512367491166,2.2897526501766783,5.975265017667844,28.54770318021201,0.7031802120141343,12.9434628975265,15.014134275618376,29.699646643109546,7.268551236749117,2.480565371024735,0.8480565371024735,0.9752650176678446,0.7526501766784452,13.406360424028268
154,"Comrie, Eric",8477480,3364.082191780822,2.958904109589041,52.7945205479452,2.9726027397260277,6.232876712328767,28.90410958904109,0.6301369863013698,13.068493150684931,14.73972602739726,28.95890410958904,8.534246575342467,2.904109589041096,0.9726027397260274,1.082191780821918,0.9041095890410958,12.397260273972602
155,"Martin, Spencer",8477484,3318.3384615384616,3.292307692307692,53.10769230769231,3.0,5.015384615384615,28.03076923076923,0.8461538461538461,12.784615384615384,15.138461538461538,28.861538461538466,8.138461538461538,2.9846153846153847,1.3692307692307693,0.9692307692307692,0.953846153846154,13.123076923076924
156,"Copley, Pheonix",8477831,3319.155844155844,2.636363636363636,51.45454545454545,2.3376623376623376,6.142857142857143,25.77922077922078,0.7272727272727273,12.03896103896104,12.909090909090908,26.753246753246756,7.545454545454546,2.5844155844155843,0.974025974025974,0.8441558441558441,0.8181818181818182,14.571428571428571
157,"Demko, Thatcher",8477967,3495.2966101694915,2.7033898305084745,56.059322033898304,2.567796610169492,7.063559322033898,30.347457627118644,0.6991525423728814,13.766949152542374,14.779661016949152,30.79661016949153,8.09322033898305,2.847457627118644,0.9279661016949152,0.961864406779661,0.8135593220338984,14.322033898305085
158,"Nedeljkovic, Alex",8477968,3350.1954022988507,2.793103448275862,53.93103448275862,2.534482758620689,6.5344827586206895,28.78735632183908,0.5632183908045977,13.235632183908049,14.649425287356324,29.74712643678161,8.126436781609195,2.5114942528735638,1.0,1.0172413793103448,0.7758620689655172,13.545977011494251
159,"Vanecek, Vitek",8477970,3353.813186813187,2.60989010989011,51.64835164835165,2.379120879120879,4.774725274725275,26.912087912087912,0.5494505494505495,13.054945054945057,15.016483516483516,28.64835164835165,7.225274725274725,2.510989010989011,0.8516483516483516,0.945054945054945,0.8131868131868132,13.263736263736265
160,"Johansson, Jonas",8477992,3249.8815789473683,2.986842105263158,49.26315789473684,2.8552631578947367,5.092105263157895,27.0,0.25,11.302631578947368,14.61842105263158,27.01315789473684,7.592105263157895,2.631578947368421,1.236842105263158,1.118421052631579,0.631578947368421,12.026315789473683
161,"Merzlikins, Elvis",8478007,3357.871794871795,2.9572649572649574,57.66666666666666,2.6794871794871797,6.243589743589744,30.363247863247864,0.6324786324786325,13.794871794871796,16.076923076923077,31.628205128205128,8.055555555555555,2.7606837606837606,1.1282051282051282,1.0726495726495726,0.7564102564102564,15.22222222222222
162,"Sorokin, Ilya",8478009,3503.240663900415,2.5103734439834025,59.468879668049794,3.0580912863070537,5.526970954356846,30.04979253112033,0.6307053941908713,14.551867219917012,16.439834024896264,32.49792531120332,7.348547717842323,2.979253112033195,1.012448132780083,0.8589211618257261,0.6390041493775933,16.643153526970956
163,"Husso, Ville",8478024,3375.676056338028,2.859154929577465,54.85915492957746,2.6619718309859155,5.809859154929577,28.84507042253521,0.6126760563380281,13.852112676056338,15.338028169014084,30.669014084507044,7.654929577464789,2.6901408450704225,1.2464788732394363,0.943661971830986,0.6690140845070423,13.845070422535212
164,"Kahkonen, Kaapo",8478039,3319.0,3.0785714285714287,57.364285714285714,2.7785714285714285,7.7,30.2,0.7357142857142858,13.65,14.542857142857144,31.807142857142857,7.964285714285714,2.842857142857143,1.1357142857142857,1.15,0.7928571428571428,14.75
165,"Shesterkin, Igor",8478048,3486.4351145038167,2.416030534351145,56.83969465648855,2.8282442748091605,5.259541984732825,29.62213740458015,0.5572519083969466,14.072519083969466,16.637404580152673,30.763358778625957,8.026717557251908,2.9236641221374047,0.8778625954198473,0.8473282442748091,0.6908396946564885,15.125954198473282
166,"Blackwood, Mackenzie",8478406,3379.9670781893005,2.7818930041152266,56.21399176954733,2.580246913580247,6.399176954732511,29.58436213991769,0.7407407407407407,13.567901234567902,15.382716049382717,30.79423868312757,8.08641975308642,2.7242798353909463,1.0493827160493827,0.9588477366255144,0.7736625514403292,14.609053497942387
167,"Sandstrom, Felix",8478433,3347.1666666666665,3.4,55.66666666666666,2.466666666666667,5.7,28.266666666666666,0.9,13.633333333333333,14.466666666666669,28.633333333333333,8.966666666666667,3.0,1.1,1.3,1.0,15.066666666666666
168,"Vladar, Dan",8478435,3400.74,2.89,53.55,2.09,6.34,27.05,0.65,12.61,14.54,28.61,8.23,2.3,1.14,1.11,0.64,14.41
169,"Montembeault, Sam",8478470,3341.9533678756475,3.0155440414507773,58.25906735751296,3.0725388601036268,5.948186528497409,29.704663212435232,0.4715025906735751,14.321243523316062,15.61139896373057,30.678756476683937,8.455958549222798,3.3523316062176165,1.0310880829015543,1.238341968911917,0.7461139896373057,15.7720207253886
170,"Samsonov, Ilya",8478492,3412.843434343434,2.6313131313131315,52.7979797979798,2.712121212121212,5.621212121212121,26.727272727272727,0.702020202020202,13.186868686868689,13.94949494949495,28.626262626262623,7.227272727272727,2.8535353535353534,1.02020202020202,0.8686868686868687,0.7424242424242424,14.090909090909092
171,"Hill, Adin",8478499,3327.8863636363635,2.465909090909091,54.86931818181818,2.5681818181818183,6.159090909090909,26.960227272727277,0.5454545454545454,13.323863636363637,14.426136363636363,29.90909090909091,7.159090909090909,2.465909090909091,0.9318181818181818,0.8693181818181818,0.6647727272727273,15.335227272727272
172,"Vejmelka, Karel",8478872,3372.562841530055,3.043715846994536,57.58469945355191,2.846994535519125,6.868852459016393,30.469945355191257,0.4207650273224044,14.37704918032787,15.185792349726777,31.114754098360656,8.94535519125683,2.939890710382514,1.098360655737705,1.0218579234972678,0.9234972677595628,14.584699453551911
173,"Kallgren, Erik",8478902,3352.875,2.833333333333333,48.5,2.375,5.833333333333333,26.291666666666668,0.9583333333333334,11.791666666666666,13.416666666666666,26.45833333333333,8.666666666666666,2.4166666666666665,0.8333333333333334,1.125,0.875,10.958333333333334
174,"Fedotov, Ivan",8478905,3222.958333333333,2.9166666666666665,51.25,2.5,5.041666666666667,23.70833333333333,0.0416666666666666,10.208333333333334,14.708333333333334,25.916666666666668,7.5,2.0416666666666665,1.25,1.25,0.4166666666666667,15.791666666666666
175,"Daccord, Joey",8478916,3387.833333333333,2.5701754385964914,56.675438596491226,3.026315789473684,7.263157894736842,27.771929824561404,0.2631578947368421,14.403508771929824,14.280701754385966,31.894736842105264,7.114035087719298,2.780701754385965,0.9210526315789472,0.9385964912280702,0.7105263157894737,14.885964912280702
176,"Ingram, Connor",8478971,3398.5098039215686,2.9607843137254903,58.09803921568628,2.9607843137254903,6.382352941176471,30.098039215686278,0.2941176470588235,14.92156862745098,15.470588235294118,31.47058823529412,8.617647058823529,3.019607843137255,1.2254901960784317,1.0098039215686274,0.7254901960784313,14.990196078431373
177,"DeSmith, Casey",8479193,3290.3551912568305,2.540983606557377,51.79781420765028,2.7650273224043715,5.683060109289618,28.14207650273224,0.726775956284153,12.262295081967212,14.726775956284152,28.07103825136612,7.770491803278689,2.797814207650273,0.8306010928961749,0.9453551912568308,0.7650273224043715,13.158469945355192
178,"Lindgren, Charlie",8479292,3426.657142857143,2.6357142857142857,56.27857142857143,2.492857142857143,6.628571428571429,28.107142857142858,0.4,13.15,15.371428571428572,30.042857142857144,7.95,2.75,1.0071428571428571,0.9428571428571428,0.6857142857142857,15.535714285714286
179,"Lyon, Alex",8479312,3234.574074074074,2.685185185185185,54.407407407407405,2.7962962962962963,5.851851851851852,27.62037037037037,0.3148148148148148,13.675925925925926,14.407407407407408,29.175925925925927,7.851851851851852,2.814814814814815,0.9444444444444444,1.0925925925925926,0.6481481481481481,14.564814814814817
180,"Woll, Joseph",8479361,3508.3,2.7,59.54285714285714,3.3285714285714287,6.471428571428572,29.6,0.2714285714285714,14.4,15.82857142857143,31.285714285714285,8.242857142857142,3.4857142857142858,1.042857142857143,1.042857142857143,0.6142857142857143,16.52857142857143
181,"Hart, Carter",8479394,3380.70796460177,2.7610619469026547,55.008849557522126,2.47787610619469,7.185840707964601,29.287610619469028,0.8141592920353983,12.31858407079646,14.553097345132745,29.327433628318584,8.057522123893806,2.752212389380531,0.9469026548672568,1.0,0.8141592920353983,14.871681415929205
182,"Gustavsson, Filip",8479406,3465.2179487179487,2.58974358974359,58.833333333333336,2.467948717948718,6.410256410256411,29.58333333333333,0.3525641025641026,13.711538461538462,16.993589743589745,32.32692307692308,7.615384615384615,2.7371794871794872,0.8653846153846154,0.9423076923076924,0.782051282051282,16.153846153846153
183,"Rittich, David",8479496,3242.031111111111,2.497777777777778,50.07555555555555,2.1466666666666665,5.5777777777777775,26.093333333333334,0.7466666666666667,11.675555555555556,14.4,27.48,7.435555555555555,2.2888888888888888,0.9688888888888888,0.8844444444444445,0.6444444444444445,12.87111111111111
184,"Skinner, Stuart",8479973,3449.9523809523807,2.630952380952381,52.660714285714285,2.696428571428572,6.041666666666667,27.93452380952381,0.3511904761904761,13.023809523809524,14.297619047619047,28.75,7.648809523809524,2.7142857142857144,0.988095238095238,0.9226190476190476,0.7202380952380952,13.547619047619047
185,"Oettinger, Jake",8479979,3451.9958333333334,2.404166666666667,53.3125,2.2125,5.833333333333333,27.275,0.5875,13.1875,15.308333333333334,29.758333333333333,7.316666666666666,2.325,0.8625,0.925,0.6166666666666667,13.9125
186,"Luukkonen, Ukko-Pekka",8480045,3429.503355704698,2.906040268456376,55.738255033557046,2.9932885906040267,6.100671140939597,28.751677852348998,0.4429530201342282,13.691275167785236,15.74496644295302,30.503355704697988,8.449664429530202,2.8859060402684564,1.0939597315436242,1.0,0.8120805369127517,13.899328859060402
187,"Primeau, Cayden",8480051,3084.509090909091,3.163636363636364,53.63636363636363,2.690909090909091,6.236363636363636,27.30909090909091,0.2,12.818181818181818,13.963636363636365,28.945454545454545,7.345454545454546,2.9454545454545453,1.2363636363636363,1.181818181818182,0.7454545454545455,14.4
188,"Tarasov, Daniil",8480193,3338.467741935484,3.177419354838709,59.91935483870968,3.661290322580645,5.983870967741935,31.32258064516129,0.3387096774193548,14.903225806451612,16.20967741935484,32.20967741935484,8.983870967741936,3.048387096774193,1.4193548387096775,1.1774193548387095,0.5806451612903226,15.67741935483871
189,"Swayman, Jeremy",8480280,3456.7734806629837,2.4198895027624308,54.85635359116022,2.5138121546961325,6.823204419889502,27.662983425414364,0.5359116022099447,12.977900552486188,14.96132596685083,29.81767955801105,7.558011049723757,2.8729281767955803,0.856353591160221,0.8397790055248618,0.7237569060773481,14.607734806629834
190,"Thompson, Logan",8480313,3488.77304964539,2.49645390070922,58.9645390070922,3.00709219858156,6.0212765957446805,28.75177304964539,0.5390070921985816,13.97163120567376,15.23404255319149,30.71631205673759,7.602836879432624,2.851063829787234,0.9148936170212766,0.8723404255319149,0.7092198581560284,17.79432624113475
191,"Korenar, Josef",8480373,2810.6666666666665,2.4166666666666665,44.66666666666666,1.5,6.75,24.416666666666668,0.5833333333333334,10.083333333333334,12.333333333333334,25.666666666666668,5.833333333333333,2.083333333333333,0.8333333333333334,0.8333333333333334,0.75,11.083333333333334
192,"Georgiev, Alexandar",8480382,3360.2983050847456,2.766101694915254,54.29830508474576,2.7898305084745765,6.311864406779661,28.79322033898305,0.6779661016949152,13.00677966101695,14.728813559322036,29.70169491525424,7.616949152542372,2.935593220338983,1.0338983050847457,0.928813559322034,0.8033898305084746,14.04406779661017
193,"Delia, Collin",8480420,3173.403846153846,3.0961538461538463,52.42307692307692,2.8076923076923075,5.384615384615385,29.82692307692308,0.9230769230769232,13.153846153846152,14.653846153846152,28.442307692307693,8.75,2.8461538461538463,1.1153846153846154,1.0384615384615383,0.9423076923076924,12.384615384615383
194,"Dostal, Lukas",8480843,3289.477064220184,2.9357798165137616,61.4954128440367,2.908256880733945,7.321100917431193,31.03669724770642,0.2018348623853211,15.522935779816514,16.339449541284402,33.51376146788991,8.8348623853211,2.963302752293578,0.963302752293578,1.18348623853211,0.7889908256880734,16.18348623853211
195,"Francouz, Pavel",8480925,3370.109589041096,2.356164383561644,52.06849315068493,2.287671232876712,7.561643835616438,29.164383561643834,0.9726027397260274,11.835616438356164,13.904109589041097,29.42465753424657,7.2465753424657535,2.2739726027397262,0.7808219178082192,0.8767123287671232,0.6986301369863014,13.123287671232877
196,"Lankinen, Kevin",8480947,3407.37012987013,2.7662337662337664,55.16883116883117,2.487012987012987,6.123376623376624,29.03246753246753,0.512987012987013,13.214285714285714,15.272727272727272,30.448051948051948,7.493506493506493,2.448051948051948,1.077922077922078,0.961038961038961,0.7272727272727273,14.77922077922078
197,"Hofer, Joel",8480981,3227.0,2.484375,52.4375,2.546875,6.46875,26.65625,0.15625,12.859375,14.109375,28.890625,7.4375,2.25,0.875,1.0625,0.546875,13.859375
198,"Annunen, Justus",8481020,3239.2727272727275,2.5681818181818183,52.04545454545455,2.5454545454545454,5.886363636363637,25.954545454545453,0.1818181818181818,12.772727272727272,13.840909090909092,27.59090909090909,7.5,2.636363636363636,1.181818181818182,0.9318181818181818,0.4545454545454545,14.318181818181818
199,"Prosvetov, Ivan",8481031,3078.083333333333,3.1666666666666665,50.41666666666666,2.7916666666666665,4.708333333333333,26.541666666666668,0.2083333333333333,14.625,12.416666666666666,27.541666666666668,7.0,3.2916666666666665,1.125,1.1666666666666667,0.875,12.583333333333334
200,"Schmid, Akira",8481033,2843.0454545454545,2.25,42.04545454545455,2.2954545454545454,4.704545454545454,22.522727272727277,0.4318181818181818,10.727272727272728,11.25,22.772727272727277,6.727272727272728,2.0681818181818183,0.5227272727272727,1.2045454545454546,0.5227272727272727,10.477272727272728
201,"Ersson, Samuel",8481035,3293.549019607843,2.676470588235294,54.71568627450981,2.803921568627451,4.3431372549019605,24.31372549019608,0.1372549019607843,12.617647058823527,14.098039215686274,27.11764705882353,6.950980392156863,2.6372549019607843,1.1372549019607845,0.9803921568627452,0.5588235294117647,18.00980392156863
202,"Knight, Spencer",8481519,3325.059523809524,2.523809523809524,49.595238095238095,2.5595238095238093,5.726190476190476,27.23809523809524,0.7738095238095238,11.88095238095238,14.392857142857142,27.547619047619047,7.511904761904762,2.7261904761904763,0.9761904761904762,0.9285714285714286,0.6190476190476191,11.80952380952381
203,"Sogaard, Mads",8481544,3182.4137931034484,3.1379310344827585,48.793103448275865,1.896551724137931,5.517241379310345,25.96551724137931,0.5172413793103449,12.241379310344827,12.03448275862069,25.655172413793103,7.068965517241379,2.793103448275862,1.3448275862068966,1.0,0.7931034482758621,13.275862068965518
204,"Kochetkov, Pyotr",8481611,3468.183486238532,2.2844036697247705,47.211009174311926,2.688073394495413,4.990825688073395,25.045871559633028,0.3761467889908257,11.18348623853211,13.73394495412844,25.009174311926607,7.293577981651376,2.779816513761468,0.8256880733944955,0.908256880733945,0.5504587155963303,12.128440366972477
205,"Silovs, Arturs",8481668,3447.368421052632,3.0,51.21052631578947,2.8421052631578947,5.631578947368421,24.94736842105263,0.2105263157894736,12.157894736842104,12.947368421052632,28.68421052631579,5.473684210526316,2.789473684210526,1.5263157894736843,0.5789473684210527,0.8947368421052632,14.263157894736842
206,"Wolf, Dustin",8481692,3536.0344827586205,2.6379310344827585,59.27586206896552,2.810344827586207,7.603448275862069,28.91379310344828,0.0862068965517241,13.29310344827586,15.448275862068966,31.517241379310345,7.620689655172414,2.7758620689655173,0.9655172413793104,0.9655172413793104,0.7068965517241379,17.362068965517242
207,"Daws, Nico",8482076,3082.6666666666665,2.5294117647058822,48.45098039215687,2.5294117647058822,5.803921568627451,24.96078431372549,0.4313725490196078,10.882352941176473,14.431372549019608,26.862745098039216,7.588235294117647,2.294117647058824,1.03921568627451,0.7450980392156863,0.7450980392156863,11.705882352941176
208,"Askarov, Yaroslav",8482137,3211.125,2.6875,56.4375,3.4375,4.3125,26.6875,0.0625,14.625,15.5,29.75,7.8125,3.1875,1.0625,0.875,0.75,15.6875
209,"Levi, Devon",8482221,3391.6153846153848,3.102564102564102,55.0,4.256410256410256,5.256410256410256,29.384615384615383,0.1794871794871795,13.461538461538462,15.256410256410255,29.435897435897434,8.179487179487179,4.153846153846154,1.205128205128205,1.0,0.8974358974358975,13.23076923076923
210,"Soderblom, Arvid",8482821,3356.5853658536585,3.317073170731707,58.81707317073171,3.1341463414634148,5.634146341463414,30.09756097560976,0.2317073170731707,13.634146341463415,17.23170731707317,31.82926829268293,8.317073170731707,3.1463414634146343,1.3902439024390243,1.146341463414634,0.7804878048780488,15.524390243902438
211,"Greaves, Jet",8482982,3505.8,3.2,68.26666666666667,4.266666666666667,8.533333333333333,35.666666666666664,0.1333333333333333,17.0,18.0,37.4,9.533333333333331,4.2,1.1333333333333333,1.5333333333333334,0.5333333333333333,17.133333333333333
