,name,icetime,x_goals,goals,unblocked_shot_attempts,x_rebounds,rebounds,x_freeze,freeze,x_on_goal,on_goal,x_play_stopped,play_stopped,x_play_continued_in_zone,play_continued_in_zone,x_play_continued_outside_zone,play_continued_outside_zone,flurry_adjusted_x_goals,low_danger_shots,medium_danger_shots,high_danger_shots,low_danger_x_goals,medium_danger_x_goals,high_danger_x_goals,low_danger_goals,medium_danger_goals,high_danger_goals,blocked_shot_attempts,penalty_minutes,penalties
0,Aaron Dell,3163.5846153846155,2.471076923076923,2.576923076923077,49.93076923076923,1.8585384615384617,2.1538461538461537,6.056307692307692,5.707692307692308,26.658,27.053846153846155,0.8824615384615384,0.8076923076923077,14.877076923076922,11.684615384615384,11.08423076923077,14.307692307692308,2.361,27.06923076923077,7.869230769230769,2.276923076923077,0.7916153846153847,0.9567692307692307,0.7226923076923077,0.8076923076923077,1.0692307692307692,0.7,12.715384615384615,0.015384615384615385,0.007692307692307693
4,Adin Hill,3264.573529411765,2.4583088235294115,2.4558823529411766,53.52205882352941,1.9052941176470588,2.360294117647059,6.568014705882353,6.375,27.792867647058824,27.00735294117647,0.8963235294117647,0.6838235294117647,15.52235294117647,12.816176470588236,11.426838235294118,14.058823529411764,2.355294117647059,29.522058823529413,6.992647058823529,2.301470588235294,0.8608823529411764,0.8372058823529411,0.7602941176470589,0.9632352941176471,0.8455882352941176,0.6470588235294118,14.705882352941176,0.029411764705882353,0.014705882352941176
6,Al Montoya,3267.8511904761904,2.4094047619047623,2.4107142857142856,49.75595238095238,1.7986904761904763,1.869047619047619,5.885357142857143,6.315476190476191,26.02220238095238,26.297619047619047,0.8666071428571429,0.9940476190476191,14.444345238095238,11.071428571428571,11.013690476190476,14.166666666666666,2.2992857142857144,27.38095238095238,7.071428571428571,2.267857142857143,0.8111309523809525,0.8569047619047618,0.7413690476190476,0.8511904761904762,0.9464285714285714,0.6130952380952381,13.035714285714286,0.07142857142857142,0.03571428571428571
9,Alex Nedeljkovic,3328.595744680851,2.657446808510638,2.7375886524822697,53.333333333333336,2.0151063829787232,2.3404255319148937,6.727872340425532,6.673758865248227,29.133333333333333,29.00709219858156,0.9057446808510639,0.6808510638297872,16.060992907801417,13.304964539007091,11.724893617021277,14.319148936170214,2.5476595744680854,29.581560283687942,8.177304964539006,2.3900709219858154,0.8776595744680851,1.0080851063829788,0.7717730496453901,0.9574468085106383,1.0212765957446808,0.7588652482269503,13.184397163120567,0.05673758865248227,0.028368794326241134
10,Alex Stalock,3215.1564245810055,2.1935195530726257,2.4134078212290504,49.44692737430167,1.790558659217877,1.7541899441340782,6.079888268156425,5.731843575418995,26.23536312849162,26.29050279329609,0.8614525139664804,0.7597765363128491,14.733351955307262,11.94413407821229,10.991005586592179,13.888268156424582,2.119217877094972,28.43016759776536,6.279329608938547,1.9441340782122905,0.808268156424581,0.7613966480446926,0.6237430167597766,0.8324022346368715,0.8379888268156425,0.7430167597765364,12.793296089385475,0.1005586592178771,0.055865921787709494
11,Alexandar Georgiev,3381.2755905511813,2.7314960629921257,2.6850393700787403,54.30708661417323,2.0493307086614174,2.6968503937007875,6.753661417322835,6.393700787401575,29.127204724409445,29.228346456692915,0.9276377952755905,0.7716535433070866,16.156574803149603,13.240157480314961,11.787598425196851,14.87007874015748,2.5963779527559057,30.161417322834644,7.622047244094488,2.8503937007874014,0.8670472440944883,0.9371259842519685,0.9274409448818898,1.015748031496063,0.8818897637795275,0.7874015748031497,13.673228346456693,0.023622047244094488,0.015748031496062992
16,Anders Lindback,3158.8,2.2757692307692308,2.5153846153846153,48.49230769230769,1.824923076923077,1.5615384615384615,6.036846153846153,5.992307692307692,26.55623076923077,26.176923076923078,0.8108461538461538,0.823076923076923,14.976230769230769,11.638461538461538,11.028846153846153,14.276923076923078,2.200076923076923,28.192307692307693,7.007692307692308,1.8076923076923077,0.8235384615384616,0.8408461538461539,0.6113076923076923,0.7538461538461538,0.9692307692307692,0.7923076923076923,11.484615384615385,0.046153846153846156,0.023076923076923078
17,Anders Nilsson,3307.583850931677,2.691925465838509,2.8260869565217392,55.24223602484472,2.073664596273292,2.0434782608695654,6.797204968944099,6.906832298136646,29.994161490683226,30.335403726708076,0.8809316770186334,0.9937888198757764,16.983229813664597,13.664596273291925,12.532236024844721,15.416149068322982,2.58832298136646,31.596273291925467,8.136645962732919,2.329192546583851,0.9345341614906832,0.98944099378882,0.7677639751552795,0.9875776397515528,1.1055900621118013,0.7329192546583851,13.180124223602485,0.037267080745341616,0.018633540372670808
18,Andrei Vasilevskiy,3521.392033542977,2.7005031446540877,2.511530398322851,54.020964360587,2.0628930817610063,2.1257861635220126,6.6301677148846965,6.111111111111111,29.192914046121594,30.11530398322851,0.9563731656184487,1.1886792452830188,16.35572327044025,13.048218029350105,11.920817610062892,15.670859538784066,2.5930607966457027,30.19077568134172,8.161425576519916,2.4339622641509435,0.8935639412997904,0.9963522012578616,0.8105241090146751,0.8951781970649895,0.9077568134171907,0.7085953878406709,13.234800838574424,0.050314465408805034,0.025157232704402517
22,Antero Niittymaki,3357.657142857143,2.5903809523809525,2.6095238095238096,51.42857142857143,1.9720952380952381,2.219047619047619,6.243904761904762,5.980952380952381,27.96876190476191,28.095238095238095,0.8753333333333333,0.6666666666666666,15.603238095238094,12.495238095238095,11.712571428571428,15.019047619047619,2.4714285714285715,29.8,6.6761904761904765,2.638095238095238,0.8883809523809524,0.8111428571428572,0.8910476190476191,0.8666666666666667,0.7714285714285715,0.9714285714285714,12.314285714285715,0.0380952380952381,0.01904761904761905
23,Anthony Stolarz,3107.5981308411215,2.4611214953271032,2.336448598130841,48.44859813084112,1.8694392523364487,2.7850467289719627,6.306915887850468,5.420560747663552,26.989345794392523,27.121495327102803,0.8660747663551402,0.5420560747663551,14.985981308411215,12.0,10.994299065420561,14.345794392523365,2.3560747663551402,27.766355140186917,7.327102803738318,2.439252336448598,0.8195327102803738,0.8882242990654204,0.7534579439252337,0.8785046728971962,0.822429906542056,0.6355140186915887,10.91588785046729,0.037383177570093455,0.018691588785046728
25,Anton Forsberg,3154.5,2.676375,2.71875,52.03125,1.9473749999999999,2.425,6.4308125,6.35,27.9083125,28.59375,0.880875,0.925,15.249437499999999,12.81875,11.224625,13.34375,2.5371875,27.85,7.775,2.89375,0.8074375,0.943875,0.925,0.925,0.98125,0.8125,13.5125,0.0375,0.01875
26,Anton Khudobin,3305.9846153846156,2.342461538461538,2.3192307692307694,50.92307692307692,1.8626153846153848,1.8038461538461539,6.261615384615385,6.184615384615385,27.343423076923077,27.49230769230769,0.909,1.073076923076923,15.402384615384616,12.888461538461538,11.502423076923078,14.138461538461538,2.2583846153846157,29.1,7.242307692307692,1.9461538461538461,0.8349230769230769,0.8799615384615385,0.6276538461538461,0.7461538461538462,0.9076923076923077,0.6653846153846154,12.634615384615385,0.06153846153846154,0.03076923076923077
27,Antti Niemi,3384.780172413793,2.3824137931034484,2.418103448275862,52.86422413793103,1.878168103448276,1.9698275862068966,6.346314655172414,6.773706896551724,27.581508620689654,27.400862068965516,1.0026724137931036,1.0043103448275863,15.342931034482758,12.08405172413793,11.569288793103448,14.286637931034482,2.28676724137931,29.38146551724138,6.823275862068965,2.228448275862069,0.810969827586207,0.8279310344827585,0.7433836206896551,0.8038793103448276,0.8017241379310345,0.8125,14.431034482758621,0.017241379310344827,0.008620689655172414
28,Antti Raanta,3263.696750902527,2.382129963898917,2.252707581227437,48.848375451263536,1.8535740072202167,2.2779783393501805,6.116750902527076,6.0,26.686750902527077,26.36823104693141,0.9445848375451262,0.8447653429602888,14.828194945848375,11.772563176895307,11.000938628158845,13.935018050541517,2.283610108303249,27.6101083032491,7.335740072202166,2.137184115523466,0.7987364620938628,0.8900361010830324,0.6934657039711192,0.7653429602888087,0.8447653429602888,0.6425992779783394,11.765342960288809,0.007220216606498195,0.0036101083032490976
32,Ben Bishop,3382.135922330097,2.338883495145631,2.1893203883495147,51.59708737864078,1.885218446601942,1.9004854368932038,6.266966019417475,6.298543689320389,27.292111650485438,27.514563106796118,0.9036893203883495,0.8713592233009708,15.495606796116505,12.728155339805825,11.429466019417477,14.395631067961165,2.2481553398058254,29.25,7.065533980582524,2.0024271844660193,0.8213834951456311,0.8484223300970875,0.6690291262135922,0.7718446601941747,0.7839805825242718,0.633495145631068,13.279126213592233,0.0825242718446602,0.0412621359223301
33,Ben Scrivens,3314.5763888888887,2.5719444444444446,2.6875,52.958333333333336,1.9493055555555554,2.1666666666666665,6.569166666666667,6.284722222222222,28.615416666666665,28.4375,0.8242361111111111,0.75,15.873402777777777,12.819444444444445,11.935555555555554,14.770833333333334,2.4725694444444444,29.958333333333332,7.548611111111111,2.326388888888889,0.8879166666666668,0.9215972222222223,0.7624305555555556,0.9791666666666666,0.9652777777777778,0.7430555555555556,13.125,0.1388888888888889,0.06944444444444445
35,Braden Holtby,3437.12890625,2.6153515625,2.48046875,54.6015625,2.032421875,2.1875,6.61345703125,6.908203125,29.0362890625,29.001953125,0.90396484375,1.044921875,16.2678125,13.064453125,12.03544921875,15.037109375,2.51017578125,30.1015625,7.970703125,2.44140625,0.85693359375,0.96943359375,0.7889843750000001,0.833984375,0.88671875,0.759765625,14.087890625,0.052734375,0.0234375
39,Brian Boucher,3264.0873786407765,2.208640776699029,2.3300970873786406,47.300970873786405,1.685631067961165,1.825242718446602,5.777281553398059,6.436893203883495,25.159223300970876,25.009708737864077,0.8988349514563106,0.7766990291262136,13.911844660194175,10.825242718446601,10.499223300970872,12.922330097087379,2.122718446601942,26.679611650485437,6.223300970873787,2.029126213592233,0.7770873786407767,0.7455339805825243,0.6860194174757281,0.883495145631068,0.7281553398058253,0.7184466019417476,12.368932038834952,0.019417475728155338,0.009708737864077669
40,Brian Elliott,3318.1476014760146,2.3415867158671584,2.378228782287823,48.994464944649444,1.7881918819188192,1.9169741697416973,5.9945387453874535,6.658671586715867,26.218339483394836,26.243542435424356,0.8740959409594096,0.9464944649446494,14.546125461254613,10.625461254612546,10.862269372693728,13.839483394833948,2.246309963099631,27.428044280442805,6.767527675276753,2.2047970479704797,0.7841697416974169,0.8173985239852398,0.7400184501845019,0.7933579335793358,0.8745387453874539,0.7103321033210332,12.59409594095941,0.02214022140221402,0.01107011070110701
45,Calvin Pickard,3183.640287769784,2.4175539568345323,2.6043165467625897,50.29496402877698,1.867841726618705,2.093525179856115,6.161007194244604,6.503597122302159,26.74474820143885,27.165467625899282,0.8328776978417267,0.6187050359712231,15.065611510791365,11.856115107913668,11.123453237410072,13.748201438848922,2.314244604316547,28.14388489208633,7.143884892086331,2.2446043165467624,0.8073381294964028,0.879568345323741,0.730431654676259,0.8848920863309353,1.0575539568345325,0.6618705035971223,12.762589928057555,0.04316546762589928,0.02158273381294964
46,Cam Talbot,3418.725773195876,2.584041237113402,2.515463917525773,54.32164948453608,1.9744742268041238,2.1731958762886596,6.661505154639175,7.004123711340206,28.866845360824744,28.99381443298969,0.954639175257732,0.777319587628866,16.051917525773195,12.874226804123712,11.878350515463918,14.68041237113402,2.4710103092783506,30.255670103092783,7.468041237113402,2.377319587628866,0.877319587628866,0.9030515463917527,0.8036494845360824,0.8804123711340206,0.8886597938144329,0.7463917525773196,14.22061855670103,0.05567010309278351,0.024742268041237112
47,Cam Ward,3459.4696132596687,2.642338858195212,2.585635359116022,54.049723756906076,2.007476979742173,2.3683241252302025,6.712044198895027,6.005524861878453,29.392504604051567,29.09208103130755,0.9593186003683241,0.9723756906077348,16.16966850828729,13.16390423572744,12.218600368324125,15.686924493554327,2.5409208103130756,30.56353591160221,7.895027624309392,2.3517495395948433,0.9047513812154697,0.9581399631675874,0.7794475138121547,0.856353591160221,0.9355432780847146,0.7937384898710865,13.239410681399631,0.05156537753222836,0.02578268876611418
48,Carey Price,3533.24739195231,2.5300894187779432,2.4664679582712368,55.67213114754098,1.9735767511177347,2.020864381520119,6.656900149031296,7.125186289120715,28.80734724292101,29.47988077496274,0.9473770491803278,1.0715350223546944,15.930715350223547,12.788375558867362,12.060357675111774,14.87183308494784,2.4358867362146053,30.48882265275708,7.409836065573771,2.3278688524590163,0.8492995529061103,0.9049627421758569,0.7757675111773472,0.8330849478390462,0.856929955290611,0.7764530551415797,15.445603576751118,0.07302533532041729,0.03427719821162444
49,Carter Hart,3380.70796460177,2.7182300884955755,2.7610619469026547,55.008849557522126,2.0201769911504424,2.47787610619469,6.71212389380531,7.185840707964601,29.178008849557525,29.287610619469028,0.9141592920353983,0.8141592920353983,15.868716814159292,12.31858407079646,11.863849557522125,14.553097345132743,2.617787610619469,29.327433628318584,8.057522123893806,2.752212389380531,0.8430530973451328,0.9856637168141594,0.8895575221238937,0.9469026548672567,1.0,0.8141592920353983,14.871681415929203,0.008849557522123894,0.004424778761061947
50,Carter Hutton,3219.621276595745,2.284127659574468,2.4680851063829787,48.99574468085106,1.8179148936170213,1.7574468085106383,5.978936170212766,6.297872340425532,26.27446808510638,26.714893617021275,0.8300851063829787,0.9191489361702128,14.806595744680852,11.719148936170212,10.969234042553191,13.659574468085106,2.197744680851064,28.029787234042555,6.897872340425532,1.974468085106383,0.8202553191489361,0.8327234042553191,0.6310212765957447,0.9276595744680851,0.9106382978723404,0.6297872340425532,12.093617021276597,0.06808510638297872,0.03404255319148936
51,Casey DeSmith,3282.920245398773,2.636196319018405,2.576687116564417,51.49693251533742,1.9580981595092026,2.766871165644172,6.457239263803681,5.7975460122699385,27.89515337423313,28.392638036809817,0.9538036809815951,0.803680981595092,15.199202453987729,12.159509202453988,11.36128834355828,14.515337423312884,2.5249079754601227,28.03680981595092,7.723926380368098,2.7791411042944785,0.8000613496932515,0.9522085889570553,0.8838036809815951,0.8282208588957055,0.9570552147239264,0.7914110429447853,12.957055214723926,0.03680981595092025,0.018404907975460124
54,Chad Johnson,3212.2708333333335,2.37375,2.4375,49.1875,1.8237500000000002,1.7395833333333333,5.990885416666667,6.557291666666667,26.454635416666665,26.338541666666668,0.8298437500000001,0.9739583333333334,14.970677083333333,11.494791666666666,10.948020833333333,13.885416666666666,2.2816666666666667,27.75,7.1875,2.03125,0.82171875,0.8689583333333334,0.6830729166666667,0.7135416666666666,0.9583333333333334,0.765625,12.21875,0.0,0.0
55,Charlie Lindgren,3398.9363636363637,2.762,2.6454545454545455,56.46363636363636,2.0136363636363637,2.518181818181818,6.968090909090909,6.890909090909091,29.446636363636365,28.854545454545455,0.9359090909090909,0.509090909090909,16.099363636363638,13.318181818181818,11.824818181818182,15.327272727272728,2.6394545454545457,30.418181818181818,8.127272727272727,2.709090909090909,0.890090909090909,1.0036363636363637,0.8682727272727273,1.0363636363636364,0.9727272727272728,0.6363636363636364,15.209090909090909,0.01818181818181818,0.00909090909090909
58,Chris Mason,3240.769230769231,2.3721428571428573,2.4395604395604398,49.510989010989015,1.8283516483516482,1.7472527472527473,5.944945054945055,5.565934065934066,26.376648351648353,26.247252747252748,0.839945054945055,0.7417582417582418,14.79445054945055,12.637362637362637,10.964340659340658,13.901098901098901,2.271923076923077,27.895604395604394,7.032967032967033,2.1538461538461537,0.8293956043956043,0.8392857142857143,0.7034615384615385,0.8296703296703297,0.8791208791208791,0.7307692307692307,12.428571428571429,0.02197802197802198,0.01098901098901099
62,Connor Hellebuyck,3480.7400793650795,2.80093253968254,2.5357142857142856,55.648809523809526,2.102559523809524,2.615079365079365,7.001071428571429,6.325396825396825,30.174345238095235,30.53174603174603,0.9515079365079365,0.7440476190476191,16.767083333333336,13.843253968253968,12.342896825396824,15.902777777777779,2.6682936507936508,31.261904761904763,7.986111111111111,2.8115079365079363,0.8938492063492064,0.9854365079365079,0.9216666666666666,0.7896825396825397,0.9186507936507936,0.8273809523809523,13.589285714285714,0.011904761904761904,0.005952380952380952
65,Corey Crawford,3465.5135135135133,2.4598336798336793,2.35966735966736,51.014553014553016,1.9358835758835757,2.029106029106029,6.294303534303534,6.097713097713098,27.626133056133057,28.638253638253637,0.9440748440748441,0.9854469854469855,15.351538461538462,11.948024948024948,11.321351351351352,14.945945945945946,2.3662785862785864,28.58835758835759,7.471933471933472,2.2162162162162162,0.8208108108108109,0.9023076923076923,0.7366943866943866,0.817047817047817,0.7941787941787942,0.7484407484407485,12.738045738045738,0.037422037422037424,0.02079002079002079
66,Cory Schneider,3402.621951219512,2.426292682926829,2.3073170731707315,49.79024390243902,1.8784146341463415,1.7707317073170732,6.204073170731707,6.748780487804878,27.523170731707317,28.085365853658537,0.8305121951219512,0.8560975609756097,15.240999999999998,11.673170731707318,11.410682926829269,14.58780487804878,2.336292682926829,28.29268292682927,7.675609756097561,2.1,0.8319756097560976,0.9267317073170731,0.6675121951219513,0.7878048780487805,0.8170731707317073,0.7024390243902439,11.721951219512196,0.00975609756097561,0.004878048780487805
67,Craig Anderson,3425.5879556259906,2.668177496038035,2.713153724247227,55.94611727416799,2.0915213946117275,2.1838351822503963,6.950332805071315,6.7781299524564185,30.376640253565768,31.106180665610143,0.893771790808241,0.884310618066561,17.044675118858954,13.606973058637085,12.6743264659271,16.142630744849445,2.573026941362916,32.30744849445325,7.6561014263074485,2.469096671949287,0.9192393026941362,0.9310459587955626,0.8179714738510301,0.8716323296354992,0.9445324881141046,0.8969889064976229,13.513470681458003,0.05705229793977813,0.028526148969889066
71,Curtis McElhinney,3155.798353909465,2.4352263374485594,2.4979423868312756,48.74074074074074,1.8177366255144032,1.991769547325103,6.019794238683128,5.436213991769547,26.492263374485596,26.954732510288064,0.8485185185185186,0.9958847736625515,14.86888888888889,12.242798353909466,10.943292181069959,14.02880658436214,2.329917695473251,27.83539094650206,7.246913580246914,2.230452674897119,0.8246913580246914,0.8641152263374485,0.7464609053497941,0.8148148148148148,0.9382716049382716,0.7448559670781894,11.427983539094651,0.00823045267489712,0.00411522633744856
73,Dan Ellis,3232.047904191617,2.3971257485029938,2.6107784431137726,49.209580838323355,1.8112574850299403,1.9221556886227544,5.96502994011976,5.389221556886228,26.379940119760477,26.377245508982035,0.8618562874251497,0.7784431137724551,14.662814371257486,11.694610778443113,11.04682634730539,14.520958083832335,2.3012574850299403,28.143712574850298,6.610778443113772,2.305389221556886,0.822934131736527,0.7991017964071856,0.7750299401197606,0.8562874251497006,0.874251497005988,0.8802395209580839,12.149700598802395,0.03592814371257485,0.017964071856287425
79,Darcy Kuemper,3382.5244215938305,2.5240616966580975,2.4601542416452444,53.987146529562985,1.961568123393316,2.3187660668380463,6.666041131105398,6.4910025706940875,28.658406169665806,28.532133676092545,0.917943444730077,0.910025706940874,16.032879177377893,12.979434447300772,11.91280205655527,15.028277634961439,2.409151670951157,30.123393316195372,7.5886889460154245,2.341902313624679,0.8531876606683805,0.9195886889460155,0.7513110539845758,0.9048843187660668,0.8894601542416453,0.6658097686375322,13.933161953727506,0.09254498714652956,0.04884318766066838
81,David Rittich,3230.9289340101523,2.458578680203046,2.4923857868020303,50.223350253807105,1.8664467005076142,2.1015228426395938,6.18263959390863,5.873096446700508,26.95005076142132,26.65989847715736,0.9136040609137055,0.8426395939086294,15.054670050761422,11.888324873096447,11.174568527918781,14.350253807106599,2.3663451776649747,27.883248730964468,7.543147208121828,2.299492385786802,0.821522842639594,0.9160913705583756,0.7209644670050761,0.9543147208121827,0.883248730964467,0.6548223350253807,12.49746192893401,0.09137055837563451,0.04568527918781726
82,Devan Dubnyk,3400.8837638376385,2.396918819188192,2.4723247232472323,54.291512915129154,1.9637269372693726,1.948339483394834,6.562453874538745,6.6900369003690034,28.522619926199262,28.653136531365313,0.8587453874538745,0.8413284132841329,16.158523985239853,12.686346863468634,11.981328413284134,15.31549815498155,2.3159409594095943,30.837638376383765,7.228782287822878,2.0018450184501844,0.870479704797048,0.8630073800738007,0.663339483394834,0.9040590405904059,0.8726937269372693,0.6955719557195572,14.223247232472325,0.08487084870848709,0.042435424354243544
88,Dwayne Roloson,3409.057971014493,2.694589371980676,2.78743961352657,55.79710144927536,2.0454589371980676,2.130434782608696,6.657632850241546,7.396135265700483,29.579420289855072,30.096618357487923,0.8534782608695651,0.7922705314009661,16.56294685990338,13.570048309178745,12.579710144927537,14.898550724637682,2.5926570048309174,31.28985507246377,8.043478260869565,2.3768115942028984,0.92256038647343,0.9704830917874396,0.8016425120772946,0.9323671497584541,0.9903381642512077,0.8647342995169082,14.08695652173913,0.18357487922705315,0.09178743961352658
91,Eddie Lack,3323.5,2.4307638888888885,2.423611111111111,50.21527777777778,1.8818055555555553,1.7847222222222223,6.206250000000001,6.729166666666667,27.14763888888889,26.61111111111111,0.8878472222222222,0.9236111111111112,15.141944444444444,11.694444444444445,11.111875,13.854166666666666,2.343611111111111,27.82638888888889,7.625,2.2152777777777777,0.8295833333333333,0.9211805555555556,0.6798611111111111,0.7569444444444444,0.9722222222222222,0.6944444444444444,12.54861111111111,0.013888888888888888,0.006944444444444444
94,Elvis Merzlikins,3300.557894736842,2.7621578947368417,2.9368421052631577,56.294736842105266,2.079263157894737,2.542105263157895,7.010000000000001,6.463157894736842,30.325789473684207,30.63684210526316,0.9123157894736842,0.7578947368421053,16.913315789473685,13.663157894736843,12.291526315789474,15.652631578947368,2.6486842105263158,31.4,8.063157894736841,2.6052631578947367,0.9308421052631579,0.9865789473684211,0.8448421052631578,1.1157894736842104,1.0894736842105264,0.7315789473684211,14.226315789473684,0.08421052631578947,0.042105263157894736
98,Evgeni Nabokov,3482.3370786516853,2.4491011235955056,2.4569288389513106,52.68913857677903,1.923183520599251,2.0636704119850187,6.2785018726591755,6.49063670411985,27.77674157303371,27.98501872659176,0.9560674157303372,0.9775280898876404,15.521610486891383,11.782771535580524,11.747865168539327,15.599250936329588,2.36310861423221,29.756554307116104,7.2209737827715355,2.1647940074906367,0.8667790262172285,0.8723970037453184,0.7100374531835206,0.8277153558052435,0.8277153558052435,0.8014981273408239,13.546816479400748,0.1348314606741573,0.06741573033707865
100,Filip Gustavsson,3436.0,2.7299999999999995,2.6036036036036037,57.432432432432435,2.097027027027027,2.3873873873873874,7.012252252252252,6.243243243243243,30.265945945945944,29.585585585585587,0.9353153153153152,0.43243243243243246,16.813423423423423,14.00900900900901,12.120540540540542,15.855855855855856,2.6190990990990994,31.495495495495497,7.675675675675675,2.5945945945945947,0.9236936936936937,0.9299999999999999,0.8763963963963964,0.8648648648648649,0.972972972972973,0.7657657657657657,15.666666666666666,0.0,0.0
101,Frederik Andersen,3456.830303030303,2.616767676767677,2.4686868686868686,53.89090909090909,1.9974545454545454,2.062626262626263,6.782262626262626,6.155555555555556,29.434686868686867,29.21818181818182,1.0257777777777777,1.0343434343434343,16.411919191919193,13.640404040404041,12.289717171717172,15.84040404040404,2.5093131313131316,31.068686868686868,7.715151515151515,2.4060606060606062,0.8919393939393939,0.9337171717171717,0.791111111111111,0.8323232323232324,0.8828282828282829,0.7535353535353535,12.701010101010102,0.03232323232323232,0.01616161616161616
108,Henrik Lundqvist,3490.6454413892907,2.5299710564399422,2.4081041968162085,55.24602026049204,1.9660057887120115,2.0144717800289436,6.654211287988423,6.209840810419681,29.17795947901592,29.483357452966715,0.9217510853835021,0.9334298118668596,16.456497829232998,13.739507959479015,12.384949348769899,15.544138929088279,2.4259189580318377,31.32272069464544,7.340086830680174,2.3111432706222867,0.8713169319826339,0.8906512301013024,0.7680173661360348,0.8668596237337193,0.7973950795947902,0.743849493487699,14.272069464544138,0.023154848046309694,0.011577424023154847
112,Igor Shesterkin,3500.56338028169,2.7385446009389667,2.3615023474178405,56.23004694835681,2.0633333333333335,2.727699530516432,7.054741784037558,5.220657276995305,29.972018779342722,29.859154929577464,0.9663849765258216,0.6713615023474179,16.491924882629107,14.35680751173709,12.087699530516431,16.183098591549296,2.6046478873239436,30.784037558685448,7.924882629107981,2.7417840375586855,0.8674647887323944,0.9784037558685447,0.8925821596244131,0.863849765258216,0.8028169014084507,0.6948356807511737,14.779342723004694,0.046948356807511735,0.023474178403755867
114,Ilya Bryzgalov,3464.9088235294116,2.504970588235294,2.5352941176470587,54.15,1.9851470588235296,1.8852941176470588,6.545999999999999,6.16764705882353,28.948647058823532,28.544117647058822,0.8967058823529411,0.7529411764705882,16.3325,13.441176470588236,12.335382352941176,15.870588235294118,2.412617647058824,31.31764705882353,7.411764705882353,2.0941176470588236,0.8984411764705882,0.8898235294117648,0.7167647058823529,0.8088235294117647,0.9264705882352942,0.8,13.326470588235294,0.03529411764705882,0.01764705882352941
115,Ilya Samsonov,3383.058479532164,2.5436842105263158,2.6023391812865495,52.146198830409354,1.9363157894736842,2.590643274853801,6.559590643274854,5.643274853801169,27.82456140350877,26.92982456140351,0.9531578947368422,0.8128654970760234,15.281169590643275,13.105263157894736,11.151929824561403,13.771929824561404,2.440233918128655,28.461988304093566,7.169590643274854,2.7777777777777777,0.8095906432748537,0.8722222222222221,0.861812865497076,0.9941520467836257,0.8421052631578947,0.7660818713450293,13.736842105263158,0.011695906432748537,0.005847953216374269
116,Ilya Sorokin,3517.8489583333335,2.767447916666667,2.4791666666666665,59.484375,2.1403125,2.9947916666666665,7.400156249999999,5.619791666666667,31.046041666666667,30.557291666666668,0.9840104166666667,0.78125,17.110781250000002,14.614583333333334,12.446197916666668,16.296875,2.6323958333333333,32.671875,7.260416666666667,2.984375,0.9210937499999999,0.8993229166666667,0.9470312499999999,1.0052083333333333,0.84375,0.6302083333333334,16.567708333333332,0.0,0.0
121,Jack Campbell,3360.221590909091,2.5123295454545453,2.590909090909091,50.97727272727273,1.9251704545454549,2.0681818181818183,6.430113636363637,7.653409090909091,27.904943181818183,28.426136363636363,0.9786363636363636,0.9431818181818182,15.578011363636364,12.119318181818182,11.450681818181819,13.630681818181818,2.4197727272727274,28.829545454545453,7.715909090909091,2.278409090909091,0.8662500000000001,0.9209659090909091,0.725284090909091,0.8011363636363636,1.0340909090909092,0.7556818181818182,12.153409090909092,0.011363636363636364,0.005681818181818182
123,Jacob Markstrom,3454.5424430641824,2.607349896480331,2.619047619047619,52.45548654244306,1.9567080745341616,2.1946169772256727,6.497225672877846,6.9606625258799175,28.449937888198757,28.73913043478261,0.9646376811594203,1.0062111801242235,15.679544513457557,11.985507246376812,11.721428571428572,14.937888198757763,2.508509316770186,29.490683229813666,7.60248447204969,2.5238095238095237,0.8622981366459628,0.9291718426501036,0.8158592132505176,0.94824016563147,0.8923395445134575,0.7784679089026915,12.838509316770187,0.06625258799171843,0.033126293995859216
124,Jake Allen,3369.6853146853146,2.5187179487179487,2.599067599067599,52.26340326340326,1.9255710955710954,2.1585081585081585,6.393263403263403,6.694638694638694,27.69153846153846,28.01864801864802,0.8705128205128205,0.7692307692307693,15.335477855477855,12.034965034965035,11.201818181818181,13.941724941724942,2.4095337995337998,28.46153846153846,7.363636363636363,2.4941724941724943,0.811981351981352,0.8969230769230768,0.8098135198135198,0.9324009324009324,0.8974358974358975,0.7692307692307693,13.944055944055943,0.03263403263403263,0.016317016317016316
125,Jake Oettinger,3432.4300518134714,2.4426943005181347,2.38860103626943,52.7720207253886,1.8895854922279793,2.093264248704663,6.59419689119171,5.740932642487047,28.149533678756477,27.430051813471504,1.0109326424870466,0.6994818652849741,15.682124352331607,13.409326424870466,11.55958549222798,14.917098445595855,2.353056994818653,29.55440414507772,7.347150259067358,2.2020725388601035,0.8279274611398963,0.8960621761658031,0.7187564766839378,0.8601036269430051,0.9222797927461139,0.6062176165803109,13.66839378238342,0.04145077720207254,0.02072538860103627
126,James Reimer,3288.788,2.6482799999999997,2.634,54.218,1.9973599999999998,2.052,6.7328,7.204,29.29288,29.326,0.8807200000000001,0.86,16.34142,13.544,12.14246,14.382,2.53952,30.188,8.284,2.368,0.88236,1.00568,0.76028,0.9,1.006,0.728,13.378,0.04,0.02
128,Jaroslav Halak,3439.1019677996424,2.4963685152057247,2.3917710196779964,53.1788908765653,1.949159212880143,1.9677996422182469,6.412254025044723,6.445438282647585,28.22783542039356,28.21824686940966,0.9395706618962434,0.962432915921288,15.695205724508048,12.409660107334526,11.736189624329159,15.13953488372093,2.4011985688729873,29.602862254025045,7.334525939177102,2.2862254025044724,0.849355992844365,0.8841860465116279,0.7627906976744185,0.8497316636851521,0.8246869409660107,0.7173524150268337,13.955277280858676,0.025044722719141325,0.012522361359570662
130,Jason LaBarbera,3088.822429906542,2.247570093457944,2.336448598130841,46.81308411214953,1.8448598130841123,2.05607476635514,5.923084112149533,5.94392523364486,26.089906542056074,26.186915887850468,0.7989719626168224,0.6728971962616822,14.725140186915887,12.22429906542056,10.892990654205606,13.121495327102803,2.1473831775700933,27.710280373831775,6.925233644859813,1.8691588785046729,0.8135514018691589,0.8402803738317757,0.5936448598130841,0.8317757009345794,0.8411214953271028,0.6635514018691588,10.30841121495327,0.056074766355140186,0.028037383177570093
132,Jean-Sebastien Giguere,3241.2096774193546,2.3918817204301073,2.5053763440860215,49.763440860215056,1.8768279569892472,1.8440860215053763,6.103118279569893,5.510752688172043,27.094677419354838,26.93010752688172,0.8252688172043011,0.7150537634408602,15.313978494623655,12.564516129032258,11.320483870967742,14.956989247311828,2.3062903225806455,28.93548387096774,7.247311827956989,1.989247311827957,0.8629032258064516,0.8666666666666666,0.6624731182795699,0.9408602150537635,0.8064516129032258,0.7580645161290323,11.591397849462366,0.10752688172043011,0.053763440860215055
139,Jeremy Swayman,3441.2651515151515,2.6303787878787883,2.234848484848485,53.39393939393939,1.9668939393939393,2.393939393939394,6.726590909090909,6.856060606060606,28.507954545454545,27.439393939393938,1.010530303030303,0.7045454545454546,15.68378787878788,12.833333333333334,11.407651515151514,14.333333333333334,2.5038636363636364,29.03030303030303,7.545454545454546,2.7954545454545454,0.8112121212121212,0.9225757575757576,0.8965151515151515,0.7121212121212122,0.8106060606060606,0.7121212121212122,14.022727272727273,0.06060606060606061,0.030303030303030304
143,Jhonas Enroth,3289.7843137254904,2.497320261437909,2.5947712418300655,53.705882352941174,1.9633986928104574,1.6928104575163399,6.555424836601308,6.137254901960785,28.683137254901965,28.627450980392158,0.7683660130718954,0.7843137254901961,16.260392156862746,12.516339869281046,12.087450980392155,16.215686274509803,2.397581699346405,30.30065359477124,7.888888888888889,2.104575163398693,0.8664705882352941,0.9377777777777777,0.6930718954248366,0.9411764705882353,0.9477124183006536,0.7058823529411765,13.411764705882353,0.013071895424836602,0.006535947712418301
144,Jimmy Howard,3402.8280373831776,2.4370093457943924,2.480373831775701,49.63177570093458,1.8784672897196262,1.8336448598130841,6.208542056074767,6.697196261682243,27.377345794392525,28.25607476635514,0.9148598130841121,1.155140186915888,15.2083738317757,12.08411214953271,11.413532710280373,14.134579439252336,2.3482990654205604,28.983177570093456,7.018691588785047,2.2149532710280373,0.8349906542056075,0.8477383177570093,0.7542990654205608,0.822429906542056,0.8336448598130841,0.8242990654205608,11.414953271028038,0.06355140186915888,0.03177570093457944
149,Joey MacDonald,3279.396551724138,2.4207758620689654,2.7413793103448274,53.12068965517241,1.9453448275862069,1.9655172413793103,6.363448275862068,6.836206896551724,28.04465517241379,28.189655172413794,0.8471551724137932,0.9568965517241379,15.727241379310346,12.301724137931034,11.932500000000001,14.741379310344827,2.330086206896552,30.155172413793103,7.0344827586206895,2.1724137931034484,0.8564655172413794,0.848103448275862,0.7160344827586207,0.9051724137931034,0.9655172413793104,0.8706896551724138,13.758620689655173,0.06896551724137931,0.034482758620689655
151,Johan Hedberg,3330.3375,2.321375,2.49375,47.175,1.7421250000000001,1.6125,5.71725,6.19375,25.5961875,26.39375,0.8026875,0.6625,14.164750000000002,10.83125,10.765375,13.69375,2.2482499999999996,26.16875,7.40625,2.0,0.7838125,0.8805,0.657125,0.8,0.94375,0.75,11.6,0.1125,0.05625
153,John Gibson,3419.905857740586,2.729874476987448,2.7531380753138075,56.55020920502092,2.130502092050209,2.6297071129707112,7.050627615062761,6.859832635983263,30.60713389121339,30.59205020920502,0.9045188284518829,0.7928870292887029,17.217970711297074,14.152719665271967,12.704560669456066,15.48744769874477,2.613179916317992,32.34937238493724,8.002092050209205,2.50836820083682,0.922907949790795,0.976673640167364,0.8302719665271967,0.9121338912133892,1.098326359832636,0.7426778242677824,13.690376569037657,0.100418410041841,0.05230125523012552
155,Jonas Gustavsson,3258.424581005587,2.3267039106145253,2.6033519553072626,49.4804469273743,1.81,1.5195530726256983,5.9261452513966475,5.217877094972067,26.543519553072624,26.35754189944134,0.8751396648044693,0.7541899441340782,14.784189944134077,12.46927374301676,11.239050279329609,14.240223463687151,2.2386592178770948,27.374301675977655,7.659217877094972,1.899441340782123,0.7924022346368715,0.9181564245810055,0.6160335195530726,0.9050279329608939,1.0223463687150838,0.6759776536312849,12.547486033519553,0.055865921787709494,0.027932960893854747
156,Jonas Hiller,3358.4304461942256,2.4859055118110236,2.409448818897638,53.41994750656168,1.9685564304461942,2.1601049868766404,6.370446194225721,6.136482939632546,28.32769028871391,27.939632545931758,0.8609448818897637,0.8136482939632546,15.986404199475064,12.981627296587927,11.912939632545932,15.506561679790027,2.3736220472440945,30.522309711286088,7.31496062992126,2.1653543307086616,0.8818635170603675,0.8849343832020996,0.719002624671916,0.8083989501312336,0.863517060367454,0.7375328083989501,13.417322834645669,0.005249343832020997,0.0026246719160104987
158,Jonathan Bernier,3271.6766917293235,2.5619298245614033,2.526315789473684,53.25062656641604,1.9990726817042606,1.8922305764411027,6.679373433583961,7.546365914786968,29.065739348370926,28.872180451127818,0.8298496240601504,0.8721804511278195,16.421754385964913,13.320802005012531,12.0268671679198,14.115288220551378,2.45531328320802,30.761904761904763,7.654135338345864,2.2330827067669174,0.8830827067669174,0.9245112781954887,0.7542606516290726,0.9122807017543859,0.8922305764411027,0.7218045112781954,12.601503759398497,0.03508771929824561,0.017543859649122806
159,Jonathan Quick,3478.738738738739,2.497091377091377,2.3963963963963963,50.82754182754183,1.9092020592020593,2.2072072072072073,6.320913770913771,5.954954954954955,27.81105534105534,26.969111969111967,0.97001287001287,0.9510939510939511,15.425444015444015,12.55083655083655,11.49023166023166,14.619047619047619,2.3991763191763193,29.059202059202057,7.239382239382239,2.335907335907336,0.8345559845559846,0.8766537966537966,0.7858687258687259,0.8301158301158301,0.861003861003861,0.7052767052767053,12.193050193050192,0.08494208494208494,0.04247104247104247
161,Joonas Korpisalo,3316.927536231884,2.6401086956521738,2.822463768115942,53.594202898550726,1.9472101449275365,2.4130434782608696,6.5593115942028986,6.797101449275362,28.334710144927538,28.56159420289855,0.9002898550724637,0.9637681159420289,15.727246376811594,12.257246376811594,11.520144927536231,14.130434782608695,2.528985507246377,29.018115942028984,7.760869565217392,2.6630434782608696,0.8394927536231883,0.9442028985507247,0.8564130434782609,1.0,1.0507246376811594,0.7717391304347826,14.152173913043478,0.021739130434782608,0.010869565217391304
162,Jordan Binnington,3459.4270462633453,2.7098932384341636,2.6903914590747333,54.07473309608541,2.050035587188612,2.693950177935943,6.931103202846975,6.451957295373665,29.5223487544484,29.07829181494662,0.8958362989323844,0.693950177935943,16.28967971530249,13.149466192170818,11.884875444839858,15.270462633451958,2.598185053380783,29.99288256227758,8.266903914590747,2.601423487544484,0.855338078291815,1.0098932384341637,0.8445551601423488,0.9395017793594306,1.0,0.7508896797153025,13.213523131672599,0.09608540925266904,0.042704626334519574
164,Jose Theodore,3369.970588235294,2.574705882352941,2.5784313725490198,51.36274509803921,1.966029411764706,2.122549019607843,6.219019607843138,5.578431372549019,27.920294117647057,28.333333333333332,0.8945588235294119,0.8480392156862745,15.621470588235292,12.784313725490197,11.597205882352942,14.970588235294118,2.468235294117647,29.07843137254902,7.490196078431373,2.3529411764705883,0.8718137254901961,0.9042156862745097,0.7987254901960784,0.8284313725490197,0.8872549019607843,0.8627450980392157,12.441176470588236,0.058823529411764705,0.029411764705882353
167,Josh Harding,3130.0,2.120357142857143,2.0982142857142856,48.214285714285715,1.7522321428571428,1.6071428571428572,5.881875,6.839285714285714,25.772589285714286,25.794642857142858,0.7467857142857143,0.6785714285714286,14.534910714285713,11.455357142857142,10.856250000000001,13.169642857142858,2.0460714285714285,27.9375,6.339285714285714,1.7053571428571428,0.7990178571428571,0.7623214285714285,0.5589285714285713,0.6875,0.9375,0.4732142857142857,12.232142857142858,0.05357142857142857,0.026785714285714284
173,Juuse Saros,3436.0485714285714,2.7932,2.5114285714285716,55.68857142857143,2.1088,2.52,6.876228571428571,7.111428571428571,30.093885714285715,30.234285714285715,0.9543142857142857,0.8771428571428571,16.776885714285715,13.254285714285714,12.175742857142858,15.505714285714285,2.666714285714286,30.902857142857144,8.111428571428572,2.7142857142857144,0.9160285714285714,0.9910285714285715,0.8861428571428571,0.8114285714285714,0.9542857142857143,0.7457142857142857,13.96,0.011428571428571429,0.005714285714285714
174,Kaapo Kahkonen,3317.726618705036,2.829640287769784,3.0719424460431655,57.45323741007194,2.1351798561151076,2.762589928057554,7.0983453237410075,7.741007194244604,30.64086330935252,30.27338129496403,0.849568345323741,0.7410071942446043,17.278920863309352,13.70503597122302,12.33453237410072,14.532374100719425,2.7106474820143887,31.848920863309353,7.985611510791367,2.8489208633093526,0.9441007194244604,0.9788489208633093,0.9066906474820144,1.129496402877698,1.1510791366906474,0.7913669064748201,14.76978417266187,0.05755395683453238,0.02877697841726619
176,Karel Vejmelka,3323.2285714285713,3.0944285714285718,3.2285714285714286,58.24285714285714,2.268,2.907142857142857,7.413857142857143,7.264285714285714,31.85014285714286,31.65,0.7862142857142856,0.5,17.684,14.657142857142857,12.641357142857142,15.242857142857142,2.908,32.02142857142857,9.178571428571429,2.9571428571428573,0.9545714285714285,1.1369285714285715,1.0030000000000001,1.1857142857142857,1.1285714285714286,0.9142857142857143,14.085714285714285,0.02857142857142857,0.014285714285714285
177,Kari Lehtonen,3387.580448065173,2.5926069246435848,2.519348268839104,54.34419551934827,1.9830549898167005,2.195519348268839,6.561242362525459,6.462321792260693,28.75643584521385,28.629327902240327,0.909959266802444,0.8737270875763747,16.030651731160898,13.285132382892057,11.96429735234216,14.80040733197556,2.4851934826883912,30.380855397148675,7.360488798370672,2.4480651731160896,0.8634623217922607,0.9030753564154786,0.8260692464358452,0.869653767820774,0.8574338085539714,0.7922606924643585,14.15478615071283,0.05702647657841141,0.028513238289205704
178,Karri Ramo,3307.5925925925926,2.461259259259259,2.585185185185185,54.60740740740741,1.9114074074074072,1.8888888888888888,6.4243703703703705,6.229629629629629,28.101629629629628,27.933333333333334,0.8023703703703703,0.7407407407407407,15.478074074074074,12.688888888888888,11.705777777777778,14.681481481481482,2.3705925925925926,29.474074074074075,7.237037037037037,2.2444444444444445,0.8443703703703703,0.8705185185185185,0.7464444444444445,0.7777777777777778,0.9185185185185185,0.8888888888888888,15.651851851851852,0.08888888888888889,0.05185185185185185
180,Keith Kinkaid,3259.266272189349,2.443313609467456,2.6508875739644973,51.603550295857985,1.8484023668639054,1.8047337278106508,6.485562130177515,7.650887573964497,27.96473372781065,28.01775147928994,0.8302958579881656,1.0355029585798816,15.595325443786983,12.153846153846153,11.722781065088757,13.485207100591715,2.3550295857988166,29.514792899408285,7.455621301775148,2.0473372781065087,0.8620710059171598,0.8984615384615385,0.6828402366863906,0.9349112426035503,0.9881656804733728,0.727810650887574,12.585798816568047,0.023668639053254437,0.011834319526627219
185,Kevin Lankinen,3348.7410714285716,2.5869642857142856,2.857142857142857,54.357142857142854,1.9907142857142859,2.4285714285714284,6.750267857142857,6.482142857142857,28.999642857142856,30.071428571428573,0.8722321428571428,0.6607142857142857,16.221160714285713,13.044642857142858,11.772678571428571,14.75,2.4948214285714285,30.285714285714285,7.580357142857143,2.419642857142857,0.8866071428571428,0.9191964285714286,0.7809821428571428,1.0446428571428572,1.0267857142857142,0.7857142857142857,14.071428571428571,0.03571428571428571,0.017857142857142856
191,Laurent Brossoit,3247.807142857143,2.543285714285714,2.392857142857143,51.964285714285715,1.8767142857142858,2.2285714285714286,6.313428571428571,5.55,27.269642857142856,26.764285714285716,0.9302857142857144,0.8142857142857143,15.10742857142857,12.492857142857142,11.210642857142858,14.471428571428572,2.4403571428571427,27.821428571428573,7.728571428571429,2.407142857142857,0.8102857142857143,0.9442857142857142,0.7886428571428571,0.8357142857142857,0.8928571428571429,0.6642857142857143,14.007142857142858,0.014285714285714285,0.007142857142857143
194,Linus Ullmark,3469.4696356275304,2.5621052631578944,2.425101214574899,53.32388663967611,1.9980971659919027,2.165991902834008,6.708825910931174,7.421052631578948,28.98732793522267,29.676113360323885,0.9271255060728745,0.9190283400809717,16.269554655870444,12.870445344129555,11.909190283400811,14.854251012145749,2.466720647773279,30.975708502024293,7.3076923076923075,2.417004048582996,0.8927530364372469,0.9024291497975708,0.7668421052631579,0.7773279352226721,0.854251012145749,0.7935222672064778,12.623481781376519,0.048582995951417005,0.024291497975708502
195,Logan Thompson,3450.1844660194174,2.6158252427184467,2.563106796116505,58.077669902912625,1.998640776699029,2.766990291262136,7.0094174757281555,6.0,29.25223300970874,29.135922330097088,0.9911650485436894,0.7087378640776699,16.154174757281552,14.106796116504855,11.769223300970873,14.514563106796116,2.5057281553398063,30.553398058252426,7.427184466019417,2.5533980582524274,0.8704854368932039,0.9118446601941748,0.8332038834951455,0.9223300970873787,0.941747572815534,0.6990291262135923,17.54368932038835,0.019417475728155338,0.009708737864077669
196,Louis Domingue,3267.2097902097903,2.5540559440559436,2.7412587412587412,53.82517482517483,1.9978321678321678,2.300699300699301,6.670909090909091,7.2377622377622375,29.022377622377622,28.993006993006993,0.8637062937062936,1.1888111888111887,16.282377622377624,12.58041958041958,12.076993006993007,14.622377622377622,2.455174825174825,30.62937062937063,7.573426573426573,2.3636363636363638,0.8963636363636364,0.9124475524475524,0.7452447552447552,0.951048951048951,0.972027972027972,0.8181818181818182,13.258741258741258,0.04195804195804196,0.02097902097902098
198,Mackenzie Blackwood,3367.2295918367345,2.8048979591836734,2.877551020408163,56.0,2.049081632653061,2.3979591836734695,6.967704081632654,6.678571428571429,30.17147959183674,29.994897959183675,0.9031632653061225,0.8979591836734694,16.638520408163266,13.454081632653061,12.215102040816326,15.204081632653061,2.6859693877551023,30.729591836734695,8.25,2.7193877551020407,0.8971428571428571,1.002857142857143,0.904795918367347,1.0204081632653061,1.0255102040816326,0.8316326530612245,14.301020408163266,0.02040816326530612,0.01020408163265306
207,Marc-Andre Fleury,3483.678025851939,2.475088131609871,2.4524089306698,52.851938895417156,1.9372032902467684,2.1680376028202115,6.390423031727379,5.434782608695652,28.015041128084604,28.318448883666274,0.9618331374853114,1.135135135135135,15.62333725029377,12.757931844888367,11.611257344300823,14.989424206815512,2.375334900117509,29.45005875440658,7.165687426556992,2.3525264394829613,0.8397297297297297,0.8647121034077556,0.7706815511163337,0.8143360752056404,0.8707403055229143,0.7673325499412456,13.883666274970622,0.09165687426556991,0.04700352526439483
214,Martin Biron,3380.5307692307692,2.4831538461538463,2.6153846153846154,54.0,1.916153846153846,1.9461538461538461,6.475538461538461,7.123076923076923,28.155076923076923,28.584615384615386,0.8746153846153847,0.8307692307692308,15.75176923076923,12.492307692307692,11.92223076923077,14.330769230769231,2.3695384615384616,30.384615384615383,6.7615384615384615,2.376923076923077,0.8533846153846154,0.8166153846153846,0.8131538461538461,0.9769230769230769,0.8153846153846154,0.823076923076923,14.476923076923077,0.015384615384615385,0.007692307692307693
215,Martin Brodeur,3459.2751677852348,2.088456375838926,2.2885906040268456,43.29194630872483,1.5704026845637584,1.4798657718120805,5.386476510067114,4.567114093959732,23.932114093959733,25.01006711409396,0.8631543624161073,0.7516778523489933,13.074463087248322,9.533557046979865,10.209295302013423,14.56711409395973,2.0181543624161074,25.124161073825505,6.134228187919463,1.8624161073825503,0.7114429530201342,0.7331543624161073,0.6438590604026846,0.7785234899328859,0.8288590604026845,0.6812080536912751,10.171140939597315,0.053691275167785234,0.026845637583892617
217,Martin Jones,3399.032258064516,2.481741935483871,2.574193548387097,52.329032258064515,1.925720430107527,2.1333333333333333,6.286279569892473,5.7612903225806456,27.474860215053763,27.1247311827957,0.9628387096774195,1.0043010752688173,15.306322580645162,12.320430107526882,11.343935483870968,14.716129032258065,2.3803655913978496,28.513978494623657,7.479569892473118,2.3548387096774195,0.8173118279569893,0.9158924731182796,0.7485806451612903,0.8881720430107527,0.946236559139785,0.7397849462365591,13.980645161290322,0.008602150537634409,0.004301075268817204
218,Marty Turco,3456.2875,2.5005625,2.7375,51.85,1.9255624999999998,2.0125,6.2901875,5.80625,28.054125,28.03125,0.9164999999999999,0.7875,15.634312499999998,12.8125,11.719125,15.11875,2.3981250000000003,30.25,6.83125,2.23125,0.8805625000000001,0.8265625,0.7934375,0.8875,0.96875,0.88125,12.5375,0.2125,0.10625
219,Mathieu Garon,3124.2820512820513,2.1876923076923074,2.4743589743589745,47.16025641025641,1.7298076923076924,1.7115384615384615,5.650961538461538,4.608974358974359,25.01423076923077,24.78205128205128,0.7675641025641026,0.8589743589743589,14.086858974358975,11.878205128205128,10.475128205128206,13.5,2.1110897435897433,26.487179487179485,6.602564102564102,1.8653846153846154,0.7841666666666667,0.7917948717948717,0.6117307692307693,0.8205128205128205,0.9358974358974359,0.717948717948718,12.205128205128204,0.02564102564102564,0.01282051282051282
223,Matt Murray,3406.304,2.55484,2.616,53.312,1.9477200000000001,2.264,6.4858,6.452,28.4558,29.364,0.9584,1.048,15.73268,12.568,11.97824,14.86,2.46136,29.508,7.752,2.42,0.84076,0.93468,0.77944,0.912,0.936,0.768,13.632,0.04,0.02
233,Michael Hutchinson,3142.564935064935,2.358831168831169,2.5714285714285716,47.6948051948052,1.801948051948052,1.7857142857142858,5.992467532467533,7.396103896103896,26.039870129870128,26.272727272727273,0.8179220779220779,0.8766233766233766,14.452727272727271,10.61038961038961,10.637987012987013,12.88961038961039,2.270519480519481,26.805194805194805,7.318181818181818,2.0259740259740258,0.7953896103896103,0.9048701298701298,0.6585714285714286,0.8896103896103896,0.9675324675324676,0.7142857142857143,11.545454545454545,0.0,0.0
236,Michal Neuvirth,3231.33203125,2.378515625,2.4453125,51.2890625,1.843515625,1.79296875,6.1487890625,7.6796875,26.9762109375,27.28125,0.857578125,0.98046875,14.983046875,11.3125,11.238671875,13.41796875,2.2976953125,28.2421875,7.203125,2.05078125,0.821015625,0.8624609375,0.6950390625,0.90234375,0.8046875,0.73828125,13.79296875,0.0234375,0.01171875
237,Miikka Kiprusoff,3493.1942675159235,2.362484076433121,2.5254777070063694,52.00636942675159,1.8943949044585988,1.8694267515923566,6.414936305732484,6.442675159235669,28.00910828025478,28.076433121019107,0.905031847133758,0.7515923566878981,15.815573248407643,12.757961783439491,11.87312101910828,15.098726114649681,2.2721656050955414,30.67515923566879,6.691082802547771,2.0859872611464967,0.8504458598726116,0.8027388535031847,0.7093630573248408,0.8662420382165605,0.8885350318471338,0.7707006369426752,12.554140127388536,0.025477707006369428,0.012738853503184714
240,Mike Condon,3324.8372093023254,2.391782945736434,2.5813953488372094,52.23255813953488,1.8758914728682172,2.1627906976744184,6.342790697674419,6.713178294573644,27.343953488372094,27.271317829457363,0.8873643410852713,0.8992248062015504,15.273875968992247,12.2015503875969,11.476046511627908,13.48062015503876,2.315581395348837,29.0,7.069767441860465,2.186046511627907,0.8392248062015503,0.8448062015503877,0.7079069767441861,0.9457364341085271,0.8604651162790697,0.7751937984496124,13.976744186046512,0.031007751937984496,0.015503875968992248
243,Mike Smith,3431.8199672667756,2.65847790507365,2.5941080196399344,54.41734860883797,2.053142389525368,2.1456628477905073,6.685842880523732,6.779050736497545,29.602274959083466,29.7037643207856,0.9131423895253682,0.9312602291325696,16.555270049099835,13.328968903436989,12.36276595744681,15.448445171849427,2.5533715220949267,31.037643207855975,7.787234042553192,2.46481178396072,0.890949263502455,0.9365139116202946,0.831112929623568,0.8707037643207856,0.8887070376432079,0.8346972176759411,13.127659574468085,0.20949263502454993,0.09328968903436989
244,Mikko Koskinen,3337.7738095238096,2.6724404761904763,2.8035714285714284,53.583333333333336,2.010952380952381,2.2857142857142856,6.6260119047619055,6.892857142857143,28.974999999999994,29.702380952380953,0.8749404761904762,0.9107142857142857,16.29678571428571,13.071428571428571,11.820297619047619,14.398809523809524,2.5557142857142856,30.154761904761905,7.994047619047619,2.3452380952380953,0.9173809523809524,0.9638690476190477,0.7911904761904763,1.0773809523809523,1.0178571428571428,0.7083333333333334,13.089285714285714,0.03571428571428571,0.017857142857142856
248,Niklas Backstrom,3401.0127388535034,2.2790445859872612,2.4554140127388533,51.455414012738856,1.8730573248407643,1.7993630573248407,6.320573248407643,6.477707006369426,27.56296178343949,27.818471337579616,0.8186305732484077,0.6847133757961783,15.491942675159237,12.401273885350319,11.62643312101911,14.802547770700636,2.209267515923567,30.133757961783438,6.710191082802548,1.8439490445859872,0.8545859872611464,0.8084394904458598,0.6160509554140128,0.7961783439490446,0.9012738853503185,0.7579617834394905,12.76751592356688,0.05732484076433121,0.025477707006369428
251,Nikolai Khabibulin,3431.680981595092,2.6757055214723926,2.7423312883435584,52.9079754601227,1.9488957055214724,1.98159509202454,6.320858895705522,4.96319018404908,28.224233128834356,29.12269938650307,0.8047239263803682,0.7484662576687117,15.608895705521473,13.01840490797546,11.701042944785277,16.300613496932517,2.575337423312883,29.687116564417177,7.803680981595092,2.374233128834356,0.9171165644171779,0.9449693251533743,0.8136196319018405,0.9877300613496932,0.8711656441717791,0.8834355828220859,13.042944785276074,0.147239263803681,0.0736196319018405
254,Ondrej Pavelec,3368.3478260869565,2.655549872122762,2.687979539641944,53.22506393861892,1.9629667519181586,2.125319693094629,6.495319693094629,6.120204603580563,28.599488491048593,28.910485933503836,0.8781585677749361,0.8976982097186701,15.88219948849105,13.010230179028133,11.790613810741688,14.938618925831202,2.5464450127877236,29.383631713554987,7.823529411764706,2.5115089514066495,0.8495140664961638,0.9510741687979539,0.8549872122762149,0.8056265984654731,0.9616368286445013,0.9207161125319693,13.506393861892583,0.02557544757033248,0.01278772378516624
259,Pekka Rinne,3458.9073529411767,2.2861470588235293,2.3441176470588236,51.67058823529412,1.861029411764706,1.6,6.252558823529411,7.35,27.55889705882353,28.205882352941178,0.9032205882352942,1.0073529411764706,15.439882352941178,12.261764705882353,11.607882352941177,13.958823529411765,2.2121470588235295,29.99411764705882,6.45,1.9705882352941178,0.8368088235294118,0.7806911764705883,0.6686470588235294,0.7779411764705882,0.8338235294117647,0.7323529411764705,13.255882352941176,0.08235294117647059,0.041176470588235294
260,Peter Budaj,3288.1694214876034,2.2949173553719007,2.4710743801652892,50.09504132231405,1.7790909090909093,1.871900826446281,5.91495867768595,5.396694214876033,26.054917355371902,25.785123966942148,0.8461570247933885,1.0041322314049588,14.61004132231405,11.665289256198347,10.951900826446282,14.260330578512397,2.2200413223140494,28.123966942148762,6.6115702479338845,1.975206611570248,0.8402066115702479,0.7946280991735538,0.6600413223140496,0.8512396694214877,0.871900826446281,0.7479338842975206,13.384297520661157,0.05785123966942149,0.03305785123966942
262,Petr Mrazek,3348.017994858612,2.553393316195373,2.609254498714653,50.83547557840617,1.9128277634961441,2.154241645244216,6.376272493573264,5.290488431876606,27.821799485861185,28.118251928020566,0.9048586118251928,0.8508997429305912,15.365372750642674,12.67866323907455,11.41681233933162,15.151670951156813,2.4548071979434445,28.65809768637532,7.616966580976864,2.380462724935733,0.850694087403599,0.9313367609254498,0.7713110539845759,0.8946015424164524,0.9640102827763496,0.7506426735218509,12.179948586118252,0.056555269922879174,0.028277634961439587
264,Philipp Grubauer,3288.1017441860463,2.3756104651162793,2.366279069767442,49.877906976744185,1.8601453488372093,2.3430232558139537,6.196831395348838,6.366279069767442,26.55235465116279,26.438953488372093,0.9048837209302325,0.7877906976744186,14.897412790697674,11.206395348837209,10.792063953488372,13.869186046511627,2.2741860465116277,27.61918604651163,7.130813953488372,2.2936046511627906,0.7765988372093022,0.8584302325581395,0.7405232558139535,0.7965116279069767,0.8633720930232558,0.7063953488372093,12.834302325581396,0.01744186046511628,0.00872093023255814
266,Ray Emery,3164.143790849673,2.3430718954248366,2.366013071895425,47.52287581699346,1.7520261437908498,1.869281045751634,5.688562091503268,5.5359477124183005,25.372941176470587,24.96078431372549,0.8257516339869281,0.7320261437908496,14.044640522875817,11.50326797385621,10.415947712418301,13.065359477124183,2.248562091503268,26.26797385620915,6.5359477124183005,2.2679738562091503,0.776797385620915,0.7922875816993464,0.7741176470588235,0.7516339869281046,0.803921568627451,0.8104575163398693,12.450980392156863,0.12418300653594772,0.05228758169934641
272,Roberto Luongo,3461.0433996383363,2.4721880650994574,2.363471971066908,51.25497287522604,1.9119710669077756,1.837251356238698,6.3215551537070525,7.285714285714286,27.838661844484626,28.95840867992767,0.937631103074141,1.0090415913200723,15.681735985533454,11.969258589511755,11.784195298372513,14.678119349005424,2.379855334538879,29.669077757685354,7.3092224231464735,2.2007233273056057,0.8474683544303797,0.8793128390596745,0.7454068716094032,0.7486437613019892,0.8209764918625678,0.7938517179023508,12.075949367088608,0.03616636528028933,0.018083182640144666
273,Robin Lehner,3378.6813186813188,2.542307692307692,2.552197802197802,54.3489010989011,2.0218406593406595,2.241758241758242,6.743846153846154,6.28021978021978,29.283791208791207,30.585164835164836,0.9131043956043956,0.9945054945054945,16.449065934065935,13.090659340659341,12.191923076923079,15.843406593406593,2.4455494505494504,31.134615384615383,7.541208791208791,2.3241758241758244,0.8765384615384616,0.9140384615384615,0.7517582417582417,0.8983516483516484,0.9285714285714286,0.7252747252747253,13.348901098901099,0.07142857142857142,0.03296703296703297
275,Ryan Miller,3442.693739424704,2.5512690355329948,2.510998307952623,54.18274111675127,2.0203722504230117,1.8172588832487309,6.640575296108291,7.050761421319797,29.299610829103216,30.076142131979694,0.8652961082910321,0.9086294416243654,16.538510998307952,12.893401015228426,12.428324873096447,15.94585448392555,2.4569712351945854,31.277495769881558,7.822335025380711,2.1421319796954315,0.9183925549915397,0.9423181049069373,0.6905414551607445,0.8815566835871405,0.9069373942470389,0.7225042301184433,12.94077834179357,0.0338409475465313,0.01692047377326565
276,Sam Montembeault,3332.3125,3.010277777777778,3.138888888888889,58.13194444444444,2.207291666666667,3.048611111111111,7.2089583333333325,6.222222222222222,31.031458333333333,30.666666666666668,0.8645138888888888,0.5902777777777778,17.167291666666667,14.743055555555555,12.291319444444444,15.097222222222221,2.8680555555555554,31.083333333333332,8.625,3.2291666666666665,0.9237499999999998,1.0650694444444444,1.0214583333333334,1.0416666666666667,1.2986111111111112,0.7986111111111112,15.194444444444445,0.0,0.0
279,Scott Clemmensen,3207.8957055214723,2.2329447852760733,2.4662576687116564,48.7239263803681,1.7930061349693251,1.6196319018404908,5.9492638036809815,5.6871165644171775,26.34963190184049,26.63803680981595,0.8265644171779141,0.6134969325153374,14.795521472392638,12.042944785276074,11.157116564417178,14.153374233128835,2.152269938650307,28.15950920245399,6.7975460122699385,1.8650306748466257,0.8259509202453987,0.8134969325153374,0.5934969325153374,0.852760736196319,0.9447852760736196,0.6687116564417178,11.901840490797547,0.024539877300613498,0.012269938650306749
280,Scott Darling,3351.5793650793653,2.3825396825396825,2.5317460317460316,50.12698412698413,1.8661904761904762,2.0396825396825395,6.199365079365079,4.912698412698413,27.303174603174604,27.642857142857142,0.9257142857142857,1.0873015873015872,15.159444444444444,11.793650793650794,11.409603174603175,15.714285714285714,2.2966666666666664,28.428571428571427,7.476190476190476,2.0,0.8470634920634921,0.9033333333333333,0.6322222222222222,0.8888888888888888,0.8809523809523809,0.7619047619047619,12.222222222222221,0.015873015873015872,0.007936507936507936
282,Scott Wedgewood,3344.3615384615387,2.689153846153846,2.769230769230769,53.96923076923077,2.0159230769230767,2.5846153846153848,6.982538461538462,7.6923076923076925,29.534769230769232,29.43076923076923,0.8710769230769232,0.6846153846153846,16.317076923076925,12.430769230769231,11.905692307692307,14.784615384615385,2.5923076923076924,30.623076923076923,7.769230769230769,2.6615384615384614,0.883,0.9577692307692307,0.8485384615384616,0.9384615384615385,1.0076923076923077,0.823076923076923,12.915384615384616,0.015384615384615385,0.007692307692307693
284,Semyon Varlamov,3433.4648117839606,2.625531914893617,2.5286415711947625,56.849427168576106,2.1028150572831423,2.502454991816694,6.8955646481178405,6.283142389525368,29.989328968903436,30.055646481178396,0.8727823240589198,0.8919803600654664,16.878657937806874,13.541734860883796,12.431342062193126,16.127659574468087,2.5140425531914894,31.80687397708674,7.69721767594108,2.4222585924713584,0.8983960720130932,0.9337970540098199,0.7934369885433715,0.8625204582651391,0.8968903436988543,0.7692307692307693,14.923076923076923,0.03927986906710311,0.019639934533551555
285,Sergei Bobrovsky,3452.5442857142857,2.6089,2.4857142857142858,52.69428571428571,1.9635142857142858,2.3771428571428572,6.6084000000000005,6.378571428571429,28.630571428571432,29.17,0.9628000000000001,1.2571428571428571,15.803071428571428,12.508571428571429,11.760542857142855,14.691428571428572,2.4992,29.604285714285716,7.542857142857143,2.5514285714285716,0.8477714285714286,0.9213285714285714,0.8398,0.8557142857142858,0.8814285714285715,0.7485714285714286,12.995714285714286,0.04285714285714286,0.02142857142857143
289,Steve Mason,3395.797894736842,2.369978947368421,2.5494736842105263,51.68631578947368,1.851221052631579,1.9031578947368422,6.307473684210526,5.831578947368421,27.588147368421055,28.46315789473684,0.8825473684210526,0.9747368421052631,15.347052631578949,12.863157894736842,11.512294736842106,14.187368421052632,2.290884210526316,29.538947368421052,6.751578947368421,2.1136842105263156,0.8410947368421052,0.8185052631578947,0.710421052631579,0.8252631578947368,0.911578947368421,0.8126315789473684,13.282105263157895,0.037894736842105266,0.018947368421052633
291,Stuart Skinner,3443.0569105691056,2.6478861788617887,2.5772357723577235,52.19512195121951,1.943821138211382,2.5609756097560976,6.762276422764227,6.097560975609756,28.666260162601624,28.414634146341463,1.0271544715447154,0.44715447154471544,15.62349593495935,13.341463414634147,11.314959349593495,14.121951219512194,2.546585365853659,28.634146341463413,8.040650406504065,2.569105691056911,0.8430894308943089,0.9734146341463416,0.8313821138211381,0.9186991869918699,0.8943089430894309,0.7642276422764228,12.951219512195122,0.0,0.0
292,Thatcher Demko,3508.7899543378994,2.8165296803652966,2.7077625570776256,56.42922374429224,2.1169406392694063,2.529680365296804,6.961232876712328,7.1826484018264845,30.19461187214612,30.82191780821918,0.9524657534246576,0.7488584474885844,16.915753424657535,13.91324200913242,12.279726027397261,14.858447488584474,2.696986301369863,31.100456621004565,8.19634703196347,2.8127853881278537,0.9058904109589041,0.9947945205479453,0.9158447488584475,0.9406392694063926,0.958904109589041,0.8082191780821918,14.319634703196346,0.0273972602739726,0.0136986301369863
293,Thomas Greiss,3180.747252747253,2.3846703296703295,2.456043956043956,51.120879120879124,1.8793406593406594,1.7884615384615385,6.220714285714286,5.958791208791209,27.21925824175824,27.71978021978022,0.830576923076923,0.9230769230769231,15.385494505494504,12.25,11.404697802197804,14.840659340659341,2.290879120879121,28.89010989010989,7.263736263736264,2.03021978021978,0.8406318681318682,0.8811263736263737,0.6628571428571428,0.9258241758241759,0.8379120879120879,0.6923076923076923,12.936813186813186,0.04395604395604396,0.02197802197802198
295,Tim Thomas,3459.730769230769,2.4073461538461536,2.2615384615384615,52.11923076923077,1.879423076923077,1.7653846153846153,6.457692307692308,7.523076923076923,28.31992307692308,29.78846153846154,0.9239615384615385,0.9923076923076923,15.577730769230769,11.442307692307692,12.134923076923076,15.661538461538461,2.3232692307692306,30.142307692307693,7.1923076923076925,2.076923076923077,0.8408846153846153,0.8603076923076923,0.7061153846153846,0.7307692307692307,0.8115384615384615,0.7192307692307692,12.707692307692307,0.11923076923076924,0.05384615384615385
299,Tomas Vokoun,3364.4372469635628,2.5830364372469634,2.3562753036437245,55.57085020242915,2.0528744939271255,2.263157894736842,6.690283400809717,7.161943319838056,29.71854251012146,30.40080971659919,0.8490688259109311,0.9230769230769231,16.69846153846154,13.34008097165992,12.524291497975709,15.421052631578947,2.480161943319838,32.07692307692308,7.17004048582996,2.311740890688259,0.9193522267206479,0.8615384615384616,0.8021457489878542,0.7368421052631579,0.757085020242915,0.8623481781376519,14.012145748987853,0.04048582995951417,0.020242914979757085
300,Tristan Jarry,3375.9143968871595,2.504591439688716,2.5330739299610894,52.31517509727627,1.9368482490272372,2.237354085603113,6.6035019455252915,6.054474708171206,28.30739299610895,28.607003891050585,0.9882101167315175,0.77431906614786,15.584747081712061,12.891050583657588,11.592256809338522,14.770428015564203,2.409260700389105,29.48249027237354,7.272373540856031,2.4357976653696496,0.8251750972762646,0.8876264591439689,0.7919066147859922,0.8132295719844358,0.980544747081712,0.7392996108949417,13.124513618677042,0.0933852140077821,0.042801556420233464
302,Tuukka Rask,3449.2339285714284,2.3401964285714287,2.180357142857143,50.6,1.8422142857142858,1.5642857142857143,6.317375,6.748214285714286,27.490625,27.667857142857144,0.9791785714285715,1.0732142857142857,15.245000000000001,11.680357142857142,11.601303571428572,15.1625,2.260357142857143,29.17142857142857,7.058928571428571,2.0267857142857144,0.8111428571428572,0.8483571428571428,0.6807142857142857,0.7482142857142857,0.7517857142857143,0.6803571428571429,12.342857142857143,0.04642857142857143,0.023214285714285715
303,Ty Conklin,3259.0857142857144,2.2045714285714286,2.5142857142857142,45.32380952380952,1.7155238095238095,1.2857142857142858,5.563904761904762,6.123809523809523,25.003142857142855,25.961904761904762,0.9490476190476189,1.0571428571428572,14.03304761904762,11.066666666666666,10.412952380952381,13.219047619047618,2.1273333333333335,26.504761904761907,7.133333333333334,1.6,0.8342857142857142,0.8446666666666667,0.5254285714285715,0.9523809523809523,0.9428571428571428,0.6190476190476191,10.085714285714285,0.11428571428571428,0.05714285714285714
309,Ville Husso,3405.318181818182,2.735454545454546,2.8484848484848486,55.25,2.080151515151515,2.727272727272727,6.934242424242424,5.901515151515151,29.760075757575756,29.204545454545453,0.8757575757575757,0.6439393939393939,16.622196969696972,13.984848484848484,11.987272727272726,15.371212121212121,2.6019696969696966,30.893939393939394,7.765151515151516,2.696969696969697,0.9238636363636363,0.9503030303030303,0.8612121212121213,1.2121212121212122,0.9772727272727273,0.6590909090909091,13.893939393939394,0.030303030303030304,0.022727272727272728
310,Vitek Vanecek,3364.5092024539877,2.412760736196319,2.5276073619631902,50.65030674846626,1.8615950920245399,2.1779141104294477,6.352453987730062,4.711656441717792,27.172944785276076,26.650306748466257,0.9773006134969325,0.6134969325153374,15.125644171779141,12.932515337423313,11.106748466257669,14.809815950920246,2.311840490797546,28.177914110429448,7.208588957055214,2.374233128834356,0.7771165644171779,0.871963190184049,0.7636196319018405,0.803680981595092,0.9079754601226994,0.8159509202453987,12.889570552147239,0.012269938650306749,0.006134969325153374
